Symbol,Name,LastSale,MarketCap,IPOyear,Sector,industry,Summary Quote
PIH,"1347 Property Insurance Holdings, Inc.",7.5,$44.68M,2014,Finance,Property-Casualty Insurers,http://www.nasdaq.com/symbol/pih
TURN,180 Degree Capital Corp.,1.66,$51.66M,n/a,Finance,Finance/Investors Services,http://www.nasdaq.com/symbol/turn
FLWS,"1-800 FLOWERS.COM, Inc.",9.725,$630.95M,1999,Consumer Services,Other Specialty Stores,http://www.nasdaq.com/symbol/flws
FCCY,1st Constitution Bancorp (NJ),18.4,$148.47M,n/a,Finance,Savings Institutions,http://www.nasdaq.com/symbol/fccy
SRCE,1st Source Corporation,48.4,$1.26B,n/a,Finance,Major Banks,http://www.nasdaq.com/symbol/srce
VNET,"21Vianet Group, Inc.",6.16,$693M,2011,Technology,"Computer Software: Programming, Data Processing",http://www.nasdaq.com/symbol/vnet
XXII,"22nd Century Group, Inc",2.62,$269.23M,n/a,Consumer Non-Durables,Farming/Seeds/Milling,http://www.nasdaq.com/symbol/xxii
TWOU,"2U, Inc.",54.94,$2.63B,2014,Technology,Computer Software: Prepackaged Software,http://www.nasdaq.com/symbol/twou
DDD,3D Systems Corporation,13.5,$1.54B,n/a,Technology,Computer Software: Prepackaged Software,http://www.nasdaq.com/symbol/ddd
MMM,3M Company,210.76,$125.77B,n/a,Health Care,Medical/Dental Instruments,http://www.nasdaq.com/symbol/mmm
WBAI,500.com Limited,11.23,$457.82M,2013,Consumer Services,Services-Misc. Amusement & Recreation,http://www.nasdaq.com/symbol/wbai
JOBS,"51job, Inc.",61.63,$3.78B,2004,Technology,Diversified Commercial Services,http://www.nasdaq.com/symbol/jobs
WUBA,58.com Inc.,66.78,$9.72B,2013,Technology,"Computer Software: Programming, Data Processing",http://www.nasdaq.com/symbol/wuba
CAFD,8point3 Energy Partners LP,14.76,$1.17B,2015,Public Utilities,Electric Utilities: Central,http://www.nasdaq.com/symbol/cafd
EGHT,8x8 Inc,13.3,$1.22B,n/a,Public Utilities,Telecommunications Equipment,http://www.nasdaq.com/symbol/eght
AVHI,"A V Homes, Inc.",16.6,$372.76M,n/a,Capital Goods,Homebuilding,http://www.nasdaq.com/symbol/avhi
SHLM,"A. Schulman, Inc.",34.1,$1B,1972,Basic Industries,Major Chemicals,http://www.nasdaq.com/symbol/shlm
AHC,A.H. Belo Corporation,4.45,$96.8M,n/a,Consumer Services,Newspapers/Magazines,http://www.nasdaq.com/symbol/ahc
ATEN,"A10 Networks, Inc.",6.71,$474.84M,2014,Technology,Computer Communications Equipment,http://www.nasdaq.com/symbol/aten
AAC,"AAC Holdings, Inc.",9.77,$235.07M,2014,Health Care,Medical Specialities,http://www.nasdaq.com/symbol/aac
AAON,"AAON, Inc.",33.3,$1.75B,n/a,Capital Goods,Industrial Machinery/Components,http://www.nasdaq.com/symbol/aaon
AIR,AAR Corp.,36.94,$1.28B,n/a,Capital Goods,Aerospace,http://www.nasdaq.com/symbol/air
AAN,"Aaron&#39;s,  Inc.",39.03,$2.83B,n/a,Technology,Diversified Commercial Services,http://www.nasdaq.com/symbol/aan
ABAX,"ABAXIS, Inc.",44.85,$1.02B,1992,Capital Goods,Industrial Machinery/Components,http://www.nasdaq.com/symbol/abax
ABB,ABB Ltd,24.73,$52.77B,n/a,Consumer Durables,Electrical Products,http://www.nasdaq.com/symbol/abb
ABT,Abbott Laboratories,52.51,$91.23B,n/a,Health Care,Major Pharmaceuticals,http://www.nasdaq.com/symbol/abt
ABBV,AbbVie Inc.,87.48,$139.45B,2012,Health Care,Major Pharmaceuticals,http://www.nasdaq.com/symbol/abbv
ABEO,Abeona Therapeutics Inc.,14.975,$603.3M,n/a,Health Care,Major Pharmaceuticals,http://www.nasdaq.com/symbol/abeo
ABEOW,Abeona Therapeutics Inc.,10.89,n/a,n/a,Health Care,Major Pharmaceuticals,http://www.nasdaq.com/symbol/abeow
ANF,Abercrombie & Fitch Company,14.26,$970.92M,n/a,Consumer Services,Clothing/Shoe/Accessory Stores,http://www.nasdaq.com/symbol/anf
FAX,Aberdeen Asia-Pacific Income Fund Inc,5.17,$1.3B,1986,n/a,n/a,http://www.nasdaq.com/symbol/fax
IAF,Aberdeen Australia Equity Fund Inc,6.23,$141.68M,n/a,n/a,n/a,http://www.nasdaq.com/symbol/iaf
CH,"Aberdeen Chile Fund, Inc.",8.5538,$80.04M,n/a,n/a,n/a,http://www.nasdaq.com/symbol/ch
ABE           ,Aberdeen Emerging Markets Smaller Company Opportunities Fund I,14.2715,$135.36M,n/a,n/a,n/a,http://www.nasdaq.com/symbol/abe
FCO,"Aberdeen Global Income Fund, Inc.",8.93,$77.91M,1992,n/a,n/a,http://www.nasdaq.com/symbol/fco
GCH,"Aberdeen Greater China Fund, Inc.",11.9456,$105.32M,1992,n/a,n/a,http://www.nasdaq.com/symbol/gch
IF,"Aberdeen Indonesia Fund, Inc.",7.86,$72.76M,1990,n/a,n/a,http://www.nasdaq.com/symbol/if
ISL,"Aberdeen Israel Fund, Inc.",20.02,$78.99M,1992,n/a,n/a,http://www.nasdaq.com/symbol/isl
JEQ,"Aberdeen Japan Equity Fund, Inc. ",8.7,$116.39M,1992,n/a,n/a,http://www.nasdaq.com/symbol/jeq
SGF,"Aberdeen Singapore Fund, Inc.",11.62,$86.21M,1990,n/a,n/a,http://www.nasdaq.com/symbol/sgf
ABIL,Ability Inc.,0.7562,$19.48M,2014,Finance,Business Services,http://www.nasdaq.com/symbol/abil
ABMD,"ABIOMED, Inc.",163.93,$7.23B,n/a,Health Care,Medical/Dental Instruments,http://www.nasdaq.com/symbol/abmd
ABM,ABM Industries Incorporated,39.31,$2.56B,n/a,Finance,Diversified Commercial Services,http://www.nasdaq.com/symbol/abm
AXAS,Abraxas Petroleum Corporation,1.84,$305.16M,n/a,Energy,Oil & Gas Production,http://www.nasdaq.com/symbol/axas
ACIU,AC Immune SA,10.42,$593.13M,2016,Health Care,Major Pharmaceuticals,http://www.nasdaq.com/symbol/aciu
ACIA,"Acacia Communications, Inc.",46.8,$1.84B,2016,Technology,Semiconductors,http://www.nasdaq.com/symbol/acia
ACTG,Acacia Research Corporation,4.95,$250.46M,n/a,Miscellaneous,Multi-Sector Companies,http://www.nasdaq.com/symbol/actg
ACHC,"Acadia Healthcare Company, Inc.",46.04,$4.05B,n/a,Health Care,Medical Specialities,http://www.nasdaq.com/symbol/achc
ACAD,ACADIA Pharmaceuticals Inc.,37.58,$4.6B,2004,Health Care,Major Pharmaceuticals,http://www.nasdaq.com/symbol/acad
AKR,Acadia Realty Trust,28.76,$2.41B,n/a,Consumer Services,Real Estate Investment Trusts,http://www.nasdaq.com/symbol/akr
ACST,"Acasti Pharma, Inc.",1.3201,$19.45M,n/a,Health Care,Major Pharmaceuticals,http://www.nasdaq.com/symbol/acst
AXDX,"Accelerate Diagnostics, Inc.",22.7,$1.26B,n/a,Capital Goods,Biotechnology: Laboratory Analytical Instruments,http://www.nasdaq.com/symbol/axdx
ACCP,"Accelerated Pharma, Inc.",n/a,n/a,n/a,n/a,n/a,http://www.nasdaq.com/symbol/accp
XLRN,Acceleron Pharma Inc.,34.83,$1.35B,2013,Health Care,Biotechnology: Biological Products (No Diagnostic Substances),http://www.nasdaq.com/symbol/xlrn
ACN,Accenture plc,137.9,$88.09B,2001,Miscellaneous,Business Services,http://www.nasdaq.com/symbol/acn
ANCX,Access National Corporation,27.22,$556.56M,n/a,Finance,Savings Institutions,http://www.nasdaq.com/symbol/ancx
ACCO,Acco Brands Corporation,11.6,$1.26B,n/a,Consumer Durables,Publishing,http://www.nasdaq.com/symbol/acco
ARAY,Accuray Incorporated,4.475,$374.76M,2007,Health Care,Medical/Dental Instruments,http://www.nasdaq.com/symbol/aray
ACRX,"AcelRx Pharmaceuticals, Inc.",3.35,$152.02M,2011,Health Care,Major Pharmaceuticals,http://www.nasdaq.com/symbol/acrx
ACER,Acer Therapeutics Inc.,9.92,$7.34M,n/a,n/a,n/a,http://www.nasdaq.com/symbol/acer
ACERW,Acer Therapeutics Inc.,0.092,n/a,n/a,n/a,n/a,http://www.nasdaq.com/symbol/acerw
ACET,Aceto Corporation,11.17,$336.32M,n/a,Health Care,Other Pharmaceuticals,http://www.nasdaq.com/symbol/acet
AKAO,"Achaogen, Inc.",15.84,$668.98M,2014,Health Care,Major Pharmaceuticals,http://www.nasdaq.com/symbol/akao
ACHV,"Achieve Life Sciences, Inc. ",2.29,$25.07M,n/a,Health Care,Biotechnology: In Vitro & In Vivo Diagnostic Substances,http://www.nasdaq.com/symbol/achv
ACHN,"Achillion Pharmaceuticals, Inc.",4.11,$562.09M,2006,Health Care,Major Pharmaceuticals,http://www.nasdaq.com/symbol/achn
ACIW,"ACI Worldwide, Inc.",23.02,$2.72B,n/a,Technology,Computer Software: Prepackaged Software,http://www.nasdaq.com/symbol/aciw
ACRS,"Aclaris Therapeutics, Inc.",25.52,$682.32M,2015,Health Care,Major Pharmaceuticals,http://www.nasdaq.com/symbol/acrs
ACU,Acme United Corporation.,25.41,$85.68M,1988,Capital Goods,Industrial Machinery/Components,http://www.nasdaq.com/symbol/acu
ACNB,ACNB Corporation,27.9,$195.73M,n/a,Finance,Major Banks,http://www.nasdaq.com/symbol/acnb
ACOR,"Acorda Therapeutics, Inc.",23.45,$1.09B,2006,Health Care,Biotechnology: Biological Products (No Diagnostic Substances),http://www.nasdaq.com/symbol/acor
ATV,"Acorn International, Inc.",16.17,$43.36M,2007,Consumer Services,Other Specialty Stores,http://www.nasdaq.com/symbol/atv
ATNM,"Actinium Pharmaceuticals, Inc.",0.61,$48.81M,n/a,Health Care,Major Pharmaceuticals,http://www.nasdaq.com/symbol/atnm
SQZZ,Active Alts Contrarian ETF,24.32,n/a,n/a,n/a,n/a,http://www.nasdaq.com/symbol/sqzz
ATVI,"Activision Blizzard, Inc",63.89,$48.23B,n/a,Technology,Computer Software: Prepackaged Software,http://www.nasdaq.com/symbol/atvi
ACTA,Actua Corporation,12.35,$404.12M,n/a,Technology,EDP Services,http://www.nasdaq.com/symbol/acta
ATU,Actuant Corporation,26.85,$1.6B,n/a,Technology,Industrial Machinery/Components,http://www.nasdaq.com/symbol/atu
AYI,Acuity Brands Inc,163.99,$6.9B,n/a,Consumer Durables,Building Products,http://www.nasdaq.com/symbol/ayi
GOLF,Acushnet Holdings Corp.,17.09,$1.27B,2016,Consumer Non-Durables,Recreational Products/Toys,http://www.nasdaq.com/symbol/golf
ACXM,Acxiom Corporation,24.34,$1.94B,n/a,Technology,EDP Services,http://www.nasdaq.com/symbol/acxm
ADMS,"Adamas Pharmaceuticals, Inc.",21.37,$481.13M,2014,Health Care,Major Pharmaceuticals,http://www.nasdaq.com/symbol/adms
ADMP,Adamis Pharmaceuticals Corporation,5.25,$164.59M,n/a,Health Care,Major Pharmaceuticals,http://www.nasdaq.com/symbol/admp
ADX,"Adams Diversified Equity Fund, Inc.",15.01,$1.48B,n/a,n/a,n/a,http://www.nasdaq.com/symbol/adx
PEO,"Adams Natural Resources Fund, Inc.",19.36,$552.75M,n/a,n/a,n/a,http://www.nasdaq.com/symbol/peo
AE,"Adams Resources & Energy, Inc.",37.82,$159.51M,n/a,Energy,Oil Refining/Marketing,http://www.nasdaq.com/symbol/ae
ADAP,Adaptimmune Therapeutics plc,7.93,$741.61M,2015,Health Care,Biotechnology: Biological Products (No Diagnostic Substances),http://www.nasdaq.com/symbol/adap
ADK^A,Adcare Health Systems Inc,21.66,n/a,n/a,n/a,n/a,http://www.nasdaq.com/symbol/adk^a
ADK,Adcare Health Systems Inc,0.96,$18.97M,n/a,Health Care,Hospital/Nursing Management,http://www.nasdaq.com/symbol/adk
ADUS,Addus HomeCare Corporation,33.95,$394.65M,2009,Health Care,Medical/Nursing Services,http://www.nasdaq.com/symbol/adus
AEY,"ADDvantage Technologies Group, Inc.",1.411,$14.38M,n/a,Consumer Services,Office Equipment/Supplies/Services,http://www.nasdaq.com/symbol/aey
AGRO,Adecoagro S.A.,10.17,$1.23B,2011,Consumer Non-Durables,Farming/Seeds/Milling,http://www.nasdaq.com/symbol/agro
IOTS,Adesto Technologies Corporation,7.55,$158.12M,2015,Technology,Semiconductors,http://www.nasdaq.com/symbol/iots
ADNT,Adient plc,82.95,$7.72B,2016,Capital Goods,Auto Parts:O.E.M.,http://www.nasdaq.com/symbol/adnt
ADMA,ADMA Biologics Inc,3.2974,$56.72M,n/a,Health Care,Biotechnology: Biological Products (No Diagnostic Substances),http://www.nasdaq.com/symbol/adma
ADBE,Adobe Systems Incorporated,148.4,$73.22B,1986,Technology,Computer Software: Prepackaged Software,http://www.nasdaq.com/symbol/adbe
ADOM,"ADOMANI, Inc.",8.18,$556.82M,2017,Capital Goods,Auto Parts:O.E.M.,http://www.nasdaq.com/symbol/adom
ATGE,Adtalem Global Education Inc.,33.05,$2.05B,n/a,Consumer Services,Other Consumer Services,http://www.nasdaq.com/symbol/atge
ADTN,"ADTRAN, Inc.",22.7,$1.09B,1994,Public Utilities,Telecommunications Equipment,http://www.nasdaq.com/symbol/adtn
ADRO,"Aduro Biotech, Inc.",10.825,$807.68M,2015,Health Care,Major Pharmaceuticals,http://www.nasdaq.com/symbol/adro
AAP,Advance Auto Parts Inc,95.59,$7.06B,n/a,Consumer Services,Other Specialty Stores,http://www.nasdaq.com/symbol/aap
AAAP,Advanced Accelerator Applications S.A.,55.24,$2.44B,2015,Health Care,Major Pharmaceuticals,http://www.nasdaq.com/symbol/aaap
ADSW,"Advanced Disposal Services, Inc.",24.44,$2.16B,2016,Public Utilities,Environmental Services,http://www.nasdaq.com/symbol/adsw
WMS,"Advanced Drainage Systems, Inc.",20.1,$1.11B,2014,Capital Goods,Containers/Packaging,http://www.nasdaq.com/symbol/wms
ADES,"Advanced Emissions Solutions, Inc.",10.39,$219.26M,n/a,Basic Industries,Major Chemicals,http://www.nasdaq.com/symbol/ades
AEIS,"Advanced Energy Industries, Inc.",76.14,$3.04B,1995,Capital Goods,Industrial Machinery/Components,http://www.nasdaq.com/symbol/aeis
AMD,"Advanced Micro Devices, Inc.",13.3,$12.59B,n/a,Technology,Semiconductors,http://www.nasdaq.com/symbol/amd
ASX,"Advanced Semiconductor Engineering, Inc.",6.18,$10.23B,n/a,Technology,Semiconductors,http://www.nasdaq.com/symbol/asx
ASIX,AdvanSix Inc.,38.92,$1.19B,2016,Basic Industries,Major Chemicals,http://www.nasdaq.com/symbol/asix
AAV,Advantage Oil & Gas Ltd,6.6,$1.23B,n/a,Energy,Oil & Gas Production,http://www.nasdaq.com/symbol/aav
ADXS,"Advaxis, Inc.",4.57,$187.67M,n/a,Health Care,Major Pharmaceuticals,http://www.nasdaq.com/symbol/adxs
ADXSW,"Advaxis, Inc.",1.92,n/a,n/a,Health Care,Major Pharmaceuticals,http://www.nasdaq.com/symbol/adxsw
AVK,Advent Claymore Convertible Securities and Income Fund,16.03,$321.3M,2003,n/a,n/a,http://www.nasdaq.com/symbol/avk
AGC,Advent Claymore Convertible Securities and Income Fund II,6.1,$166.94M,2007,n/a,n/a,http://www.nasdaq.com/symbol/agc
LCM,Advent/Claymore Enhanced Growth & Income Fund,8.54,$78.41M,2005,n/a,n/a,http://www.nasdaq.com/symbol/lcm
ADVM,"Adverum Biotechnologies, Inc.",3.35,$145.01M,2014,Health Care,Biotechnology: Biological Products (No Diagnostic Substances),http://www.nasdaq.com/symbol/advm
ACM,AECOM,35.54,$5.57B,2007,Consumer Services,Military/Government/Technical,http://www.nasdaq.com/symbol/acm
ANW,Aegean Marine Petroleum Network Inc.,4.65,$188.95M,2006,Energy,Oil Refining/Marketing,http://www.nasdaq.com/symbol/anw
AEGN,Aegion Corp,22.83,$753.67M,n/a,Basic Industries,Water Supply,http://www.nasdaq.com/symbol/aegn
AGLE,"Aeglea BioTherapeutics, Inc.",4.83,$79.46M,2016,Health Care,Major Pharmaceuticals,http://www.nasdaq.com/symbol/agle
AEB,Aegon NV,24.66,n/a,n/a,Finance,Life Insurance,http://www.nasdaq.com/symbol/aeb
AED,Aegon NV,26.19,n/a,n/a,Finance,Life Insurance,http://www.nasdaq.com/symbol/aed
AEG,Aegon NV,5.94,$12.16B,n/a,Finance,Life Insurance,http://www.nasdaq.com/symbol/aeg
AEH,Aegon NV,25.92,n/a,n/a,Finance,Life Insurance,http://www.nasdaq.com/symbol/aeh
AEK,Aegon NV,26.29,n/a,n/a,Finance,Life Insurance,http://www.nasdaq.com/symbol/aek
AEHR,Aehr Test Systems,3.3,$70.68M,1997,Capital Goods,Electrical Products,http://www.nasdaq.com/symbol/aehr
AMTX,"Aemetis, Inc",0.89,$17.64M,n/a,Basic Industries,Major Chemicals,http://www.nasdaq.com/symbol/amtx
AER,Aercap Holdings N.V.,49.9,$8.15B,2006,Technology,Diversified Commercial Services,http://www.nasdaq.com/symbol/aer
AERI,"Aerie Pharmaceuticals, Inc.",50.95,$1.85B,2013,Health Care,Biotechnology: Biological Products (No Diagnostic Substances),http://www.nasdaq.com/symbol/aeri
ACY,AeroCentury Corp.,14.25,$20.19M,n/a,Technology,Diversified Commercial Services,http://www.nasdaq.com/symbol/acy
HIVE,"Aerohive Networks, Inc.",3.89,$209.57M,2014,Technology,EDP Services,http://www.nasdaq.com/symbol/hive
AJRD,"Aerojet Rocketdyne Holdings, Inc. ",33.89,$2.55B,n/a,Capital Goods,Military/Government/Technical,http://www.nasdaq.com/symbol/ajrd
AVAV,"AeroVironment, Inc.",51.69,$1.23B,2007,Capital Goods,Aerospace,http://www.nasdaq.com/symbol/avav
AEZS,AEterna Zentaris Inc.,2.13,$34.53M,n/a,Health Care,Major Pharmaceuticals,http://www.nasdaq.com/symbol/aezs
AEMD,"Aethlon Medical, Inc.",1.92,$17.08M,n/a,Capital Goods,Biotechnology: Laboratory Analytical Instruments,http://www.nasdaq.com/symbol/aemd
AET,Aetna Inc.,153.57,$51B,n/a,Health Care,Medical Specialities,http://www.nasdaq.com/symbol/aet
GNMX,"Aevi Genomic Medicine, Inc.",1.235,$45.83M,n/a,Health Care,Biotechnology: Biological Products (No Diagnostic Substances),http://www.nasdaq.com/symbol/gnmx
AMG,"Affiliated Managers Group, Inc.",184.97,$10.35B,n/a,Finance,Investment Managers,http://www.nasdaq.com/symbol/amg
AFMD,Affimed N.V.,2.1,$92.27M,2014,Health Care,Major Pharmaceuticals,http://www.nasdaq.com/symbol/afmd
AFL,Aflac Incorporated,83.94,$33.18B,n/a,Finance,Accident &Health Insurance,http://www.nasdaq.com/symbol/afl
AFSD,Aflac Incorporated,25.27,n/a,n/a,Finance,Accident &Health Insurance,http://www.nasdaq.com/symbol/afsd
MITT,"AG Mortgage Investment Trust, Inc.",19.57,$544.6M,2011,n/a,n/a,http://www.nasdaq.com/symbol/mitt
MITT^A,"AG Mortgage Investment Trust, Inc.",25.2839,n/a,n/a,n/a,n/a,http://www.nasdaq.com/symbol/mitt^a
MITT^B,"AG Mortgage Investment Trust, Inc.",25.12,n/a,n/a,n/a,n/a,http://www.nasdaq.com/symbol/mitt^b
AGCO,AGCO Corporation,72.62,$5.78B,n/a,Capital Goods,Industrial Machinery/Components,http://www.nasdaq.com/symbol/agco
AGEN,Agenus Inc.,4.1,$408.82M,2000,Health Care,Biotechnology: Biological Products (No Diagnostic Substances),http://www.nasdaq.com/symbol/agen
AGRX,"Agile Therapeutics, Inc.",4.01,$115.51M,2014,Health Care,Major Pharmaceuticals,http://www.nasdaq.com/symbol/agrx
A,"Agilent Technologies, Inc.",65.78,$21.17B,1999,Capital Goods,Biotechnology: Laboratory Analytical Instruments,http://www.nasdaq.com/symbol/a
AGYS,"Agilysys, Inc.",10.62,$248.42M,n/a,Technology,EDP Services,http://www.nasdaq.com/symbol/agys
AGIO,"Agios Pharmaceuticals, Inc.",66.08,$3.2B,2013,Health Care,Major Pharmaceuticals,http://www.nasdaq.com/symbol/agio
AGNC,AGNC Investment Corp.,21.6,$7.84B,2008,Consumer Services,Real Estate Investment Trusts,http://www.nasdaq.com/symbol/agnc
AGNCB,AGNC Investment Corp.,26.422,$9.15B,n/a,Consumer Services,Real Estate Investment Trusts,http://www.nasdaq.com/symbol/agncb
AGNCN,AGNC Investment Corp.,25.4,n/a,n/a,Consumer Services,Real Estate Investment Trusts,http://www.nasdaq.com/symbol/agncn
AEM,Agnico Eagle Mines Limited,46.74,$10.84B,n/a,Basic Industries,Precious Metals,http://www.nasdaq.com/symbol/aem
ADC,Agree Realty Corporation,49.72,$1.42B,n/a,Consumer Services,Real Estate Investment Trusts,http://www.nasdaq.com/symbol/adc
AGU,Agrium Inc.,107.93,$14.91B,n/a,Basic Industries,Agricultural Chemicals,http://www.nasdaq.com/symbol/agu
AGFS,"AgroFresh Solutions, Inc.",7.1,$357.4M,2014,Finance,Business Services,http://www.nasdaq.com/symbol/agfs
AGFSW,"AgroFresh Solutions, Inc.",0.58,n/a,2014,Finance,Business Services,http://www.nasdaq.com/symbol/agfsw
ALRN,"Aileron Therapeutics, Inc.",12.73,$187.32M,2017,Health Care,Major Pharmaceuticals,http://www.nasdaq.com/symbol/alrn
AIMT,"Aimmune Therapeutics, Inc.",23.62,$1.19B,2015,Health Care,Major Pharmaceuticals,http://www.nasdaq.com/symbol/aimt
AIRI,Air Industries Group,1.47,$20.95M,n/a,Capital Goods,Military/Government/Technical,http://www.nasdaq.com/symbol/airi
AL,Air Lease Corporation,41.1,$4.24B,2011,Technology,Diversified Commercial Services,http://www.nasdaq.com/symbol/al
APD,"Air Products and Chemicals, Inc.",150.26,$32.75B,n/a,Basic Industries,Major Chemicals,http://www.nasdaq.com/symbol/apd
AIRT,"Air T, Inc.",16.955,$34.64M,n/a,Transportation,Air Freight/Delivery Services,http://www.nasdaq.com/symbol/airt
ATSG,"Air Transport Services Group, Inc",25.14,$1.49B,n/a,Transportation,Air Freight/Delivery Services,http://www.nasdaq.com/symbol/atsg
AYR,Aircastle Limited,22.03,$1.73B,2006,Technology,Diversified Commercial Services,http://www.nasdaq.com/symbol/ayr
AIRG,"Airgain, Inc.",9.28,$88.57M,2016,Technology,Radio And Television Broadcasting And Communications Equipment,http://www.nasdaq.com/symbol/airg
AMCN,AirMedia Group Inc,2.5,$157.04M,2007,Technology,Advertising,http://www.nasdaq.com/symbol/amcn
AKS,AK Steel Holding Corporation,5.22,$1.64B,n/a,Basic Industries,Steel/Iron Ore,http://www.nasdaq.com/symbol/aks
AKAM,"Akamai Technologies, Inc.",48.32,$8.28B,1999,Miscellaneous,Business Services,http://www.nasdaq.com/symbol/akam
AKTX,Akari Therapeutics Plc,8.45,$99.52M,n/a,Health Care,Major Pharmaceuticals,http://www.nasdaq.com/symbol/aktx
AKCA,"Akcea Therapeutics, Inc.",26.62,$1.77B,2017,Health Care,Major Pharmaceuticals,http://www.nasdaq.com/symbol/akca
AKBA,"Akebia Therapeutics, Inc.",17.57,$828.45M,2014,Health Care,Major Pharmaceuticals,http://www.nasdaq.com/symbol/akba
AKER,Akers Biosciences Inc,0.9011,$8.02M,2014,Health Care,Biotechnology: In Vitro & In Vivo Diagnostic Substances,http://www.nasdaq.com/symbol/aker
AKRX,"Akorn, Inc.",33.05,$4.13B,n/a,Health Care,Major Pharmaceuticals,http://www.nasdaq.com/symbol/akrx
AKTS,"Akoustis Technologies, Inc.",7.08,$135.05M,n/a,Public Utilities,Telecommunications Equipment,http://www.nasdaq.com/symbol/akts
ALP^O.CL,Alabama Power Company,n/a,n/a,n/a,n/a,n/a,http://www.nasdaq.com/symbol/alp^o.cl
ALP^Q,Alabama Power Company,25.76,n/a,n/a,n/a,n/a,http://www.nasdaq.com/symbol/alp^q
ALG,"Alamo Group, Inc.",101.57,$1.18B,n/a,Capital Goods,Industrial Machinery/Components,http://www.nasdaq.com/symbol/alg
AGI,Alamos Gold Inc.,6.96,$2.09B,2015,Basic Industries,Precious Metals,http://www.nasdaq.com/symbol/agi
ALRM,"Alarm.com Holdings, Inc.",44.75,$2.09B,2015,Technology,Computer Software: Prepackaged Software,http://www.nasdaq.com/symbol/alrm
ALK,"Alaska Air Group, Inc.",74.75,$9.23B,n/a,Transportation,Air Freight/Delivery Services,http://www.nasdaq.com/symbol/alk
ALSK,"Alaska Communications Systems Group, Inc.",2.2,$115.35M,1999,Public Utilities,Telecommunications Equipment,http://www.nasdaq.com/symbol/alsk
AIN,Albany International Corporation,56.25,$1.81B,n/a,Basic Industries,Textiles,http://www.nasdaq.com/symbol/ain
ALB,Albemarle Corporation,134.29,$14.84B,n/a,Basic Industries,Major Chemicals,http://www.nasdaq.com/symbol/alb
ALBO,"Albireo Pharma, Inc.",22.22,$197.37M,n/a,Health Care,Major Pharmaceuticals,http://www.nasdaq.com/symbol/albo
ABDC,Alcentra Capital Corp.,10.85,$154.56M,n/a,n/a,n/a,http://www.nasdaq.com/symbol/abdc
AA,Alcoa Corporation,45.38,$8.37B,2016,Basic Industries,Aluminum,http://www.nasdaq.com/symbol/aa
ADHD,Alcobra Ltd.,1.12,$30.87M,2013,Health Care,Major Pharmaceuticals,http://www.nasdaq.com/symbol/adhd
ALDR,"Alder BioPharmaceuticals, Inc.",10.85,$734.69M,2014,Health Care,Major Pharmaceuticals,http://www.nasdaq.com/symbol/aldr
ALDX,"Aldeyra Therapeutics, Inc.",8.0372,$121.76M,2014,Health Care,Major Pharmaceuticals,http://www.nasdaq.com/symbol/aldx
ALR,Alere Inc.,50.35,$4.41B,n/a,Health Care,Biotechnology: In Vitro & In Vivo Diagnostic Substances,http://www.nasdaq.com/symbol/alr
ALR^B,Alere Inc.,398.5,n/a,n/a,n/a,n/a,http://www.nasdaq.com/symbol/alr^b
ALEX,"Alexander & Baldwin Holdings, Inc.",44.97,$2.21B,n/a,Finance,Real Estate,http://www.nasdaq.com/symbol/alex
ALX,"Alexander&#39;s, Inc.",421.07,$2.15B,n/a,Consumer Services,Real Estate Investment Trusts,http://www.nasdaq.com/symbol/alx
ARE,"Alexandria Real Estate Equities, Inc.",118.06,$11.05B,n/a,Consumer Services,Real Estate Investment Trusts,http://www.nasdaq.com/symbol/are
ARE^D,"Alexandria Real Estate Equities, Inc.",35.83,n/a,n/a,n/a,n/a,http://www.nasdaq.com/symbol/are^d
AXU,Alexco Resource Corp,1.555,$157.31M,n/a,Basic Industries,Precious Metals,http://www.nasdaq.com/symbol/axu
ALXN,"Alexion Pharmaceuticals, Inc.",142.85,$31.88B,1996,Health Care,Major Pharmaceuticals,http://www.nasdaq.com/symbol/alxn
AQN,Algonquin Power & Utilities Corp.,10.56,$4.04B,2016,Public Utilities,Electric Utilities: Central,http://www.nasdaq.com/symbol/aqn
BABA,Alibaba Group Holding Limited,178.14,$450.58B,2014,Miscellaneous,Business Services,http://www.nasdaq.com/symbol/baba
ALCO,"Alico, Inc.",33.2,$274.02M,n/a,Consumer Non-Durables,Farming/Seeds/Milling,http://www.nasdaq.com/symbol/alco
ALGN,"Align Technology, Inc.",187.91,$15.06B,2001,Health Care,Industrial Specialties,http://www.nasdaq.com/symbol/algn
ALIM,"Alimera Sciences, Inc.",1.38,$95.29M,2010,Health Care,Major Pharmaceuticals,http://www.nasdaq.com/symbol/alim
ALO,Alio Gold Inc.,4.71,$205.47M,2011,Basic Industries,Precious Metals,http://www.nasdaq.com/symbol/alo
ALJJ,"ALJ Regional Holdings, Inc.",3.32,$119.66M,n/a,Miscellaneous,Business Services,http://www.nasdaq.com/symbol/aljj
ALKS,Alkermes plc,50.36,$7.74B,1991,Health Care,Major Pharmaceuticals,http://www.nasdaq.com/symbol/alks
Y,Alleghany Corporation,564.48,$8.7B,n/a,Finance,Property-Casualty Insurers,http://www.nasdaq.com/symbol/y
ATI,Allegheny Technologies Incorporated,22.9,$2.49B,n/a,Basic Industries,Steel/Iron Ore,http://www.nasdaq.com/symbol/ati
ABTX,"Allegiance Bancshares, Inc.",36,$473.81M,2015,Finance,Major Banks,http://www.nasdaq.com/symbol/abtx
ALGT,Allegiant Travel Company,130.15,$2.09B,2006,Transportation,Air Freight/Delivery Services,http://www.nasdaq.com/symbol/algt
ALLE,Allegion plc,84.55,$8.03B,2013,Consumer Services,Diversified Commercial Services,http://www.nasdaq.com/symbol/alle
AGN,Allergan plc.,204.65,$68.42B,2013,Health Care,Major Pharmaceuticals,http://www.nasdaq.com/symbol/agn
AGN^A,Allergan plc.,737.1083,n/a,n/a,n/a,n/a,http://www.nasdaq.com/symbol/agn^a
ALE,"Allete, Inc.",76.91,$3.92B,n/a,Public Utilities,Power Generation,http://www.nasdaq.com/symbol/ale
AKP,Alliance California Municipal Income Fund Inc,13.82,$118.23M,2002,n/a,n/a,http://www.nasdaq.com/symbol/akp
ADS,Alliance Data Systems Corporation,216.76,$12.03B,2001,Miscellaneous,Business Services,http://www.nasdaq.com/symbol/ads
AHGP,"Alliance Holdings GP, L.P.",26.56,$1.59B,2006,Energy,Coal Mining,http://www.nasdaq.com/symbol/ahgp
AMMA,"Alliance MMA, Inc.",1.13,$11.89M,2016,Consumer Services,Services-Misc. Amusement & Recreation,http://www.nasdaq.com/symbol/amma
AFB,Alliance National Municipal Income Fund Inc,13.92,$400.13M,2002,n/a,n/a,http://www.nasdaq.com/symbol/afb
AOI,"Alliance One International, Inc.",10.55,$94.69M,n/a,Consumer Services,Farming/Seeds/Milling,http://www.nasdaq.com/symbol/aoi
ARLP,"Alliance Resource Partners, L.P.",18.55,$2.42B,1999,Energy,Coal Mining,http://www.nasdaq.com/symbol/arlp
AWF,Alliance World Dollar Government Fund II,12.88,$1.11B,1993,n/a,n/a,http://www.nasdaq.com/symbol/awf
AB,AllianceBernstein Holding L.P.,24.5,$2.28B,n/a,Finance,Investment Managers,http://www.nasdaq.com/symbol/ab
LNT,Alliant Energy Corporation,41.73,$9.64B,n/a,Public Utilities,Power Generation,http://www.nasdaq.com/symbol/lnt
CBH,AllianzGI Convertible & Income 2024 Target Term Fund,9.83,$179.47M,2017,n/a,n/a,http://www.nasdaq.com/symbol/cbh
NCV,AllianzGI Convertible & Income Fund,6.99,$618.82M,2003,n/a,n/a,http://www.nasdaq.com/symbol/ncv
NCZ,AllianzGI Convertible & Income Fund II,6.23,$465.4M,2003,n/a,n/a,http://www.nasdaq.com/symbol/ncz
ACV,AllianzGI Diversified Income & Convertible Fund,21.2,$217.83M,2015,n/a,n/a,http://www.nasdaq.com/symbol/acv
NIE,AllianzGI Equity & Convertible Income Fund,20.54,$569.14M,2007,n/a,n/a,http://www.nasdaq.com/symbol/nie
NFJ,"AllianzGI NFJ Dividend, Interest & Premium Strategy Fund",13.24,$1.26B,2005,Finance,Finance: Consumer Services,http://www.nasdaq.com/symbol/nfj
AHPI,"Allied Healthcare Products, Inc.",2.24,$8.99M,1992,Health Care,Industrial Specialties,http://www.nasdaq.com/symbol/ahpi
AMOT,"Allied Motion Technologies, Inc.",25.29,$239.05M,n/a,Capital Goods,Electrical Products,http://www.nasdaq.com/symbol/amot
ALQA,"Alliqua BioMedical, Inc.",0.41,$20.54M,n/a,Health Care,Medical/Dental Instruments,http://www.nasdaq.com/symbol/alqa
ALSN,"Allison Transmission Holdings, Inc.",35.67,$5.31B,2012,Capital Goods,Auto Parts:O.E.M.,http://www.nasdaq.com/symbol/alsn
ALLT,Allot Communications Ltd.,5.13,$169.88M,2006,Technology,Computer Communications Equipment,http://www.nasdaq.com/symbol/allt
MDRX,"Allscripts Healthcare Solutions, Inc.",13.73,$2.48B,n/a,Technology,EDP Services,http://www.nasdaq.com/symbol/mdrx
ALL,Allstate Corporation (The),90.53,$32.71B,n/a,Finance,Property-Casualty Insurers,http://www.nasdaq.com/symbol/all
ALL^A,Allstate Corporation (The),26.06,n/a,n/a,n/a,n/a,http://www.nasdaq.com/symbol/all^a
ALL^B,Allstate Corporation (The),27.18,n/a,n/a,n/a,n/a,http://www.nasdaq.com/symbol/all^b
ALL^C,Allstate Corporation (The),26.88,n/a,n/a,n/a,n/a,http://www.nasdaq.com/symbol/all^c
ALL^D,Allstate Corporation (The),27.23,n/a,n/a,n/a,n/a,http://www.nasdaq.com/symbol/all^d
ALL^E,Allstate Corporation (The),27,n/a,n/a,n/a,n/a,http://www.nasdaq.com/symbol/all^e
ALL^F,Allstate Corporation (The),26.868,n/a,n/a,n/a,n/a,http://www.nasdaq.com/symbol/all^f
ALLY,Ally Financial Inc.,23.32,$10.49B,2014,Finance,Finance: Consumer Services,http://www.nasdaq.com/symbol/ally
ALLY^A,Ally Financial Inc.,26.32,n/a,n/a,n/a,n/a,http://www.nasdaq.com/symbol/ally^a
AAU,"Almaden Minerals, Ltd.",1.13,$114.51M,2015,Basic Industries,Precious Metals,http://www.nasdaq.com/symbol/aau
AFAM,Almost Family Inc,47.2,$659.1M,n/a,Health Care,Medical/Nursing Services,http://www.nasdaq.com/symbol/afam
ALNY,"Alnylam Pharmaceuticals, Inc.",113.79,$10.44B,2004,Health Care,Major Pharmaceuticals,http://www.nasdaq.com/symbol/alny
ALDW,"Alon USA Partners, LP",11.23,$702.2M,2012,Energy,Integrated oil Companies,http://www.nasdaq.com/symbol/aldw
AOSL,Alpha and Omega Semiconductor Limited,15.68,$376.28M,2010,Technology,Semiconductors,http://www.nasdaq.com/symbol/aosl
APT,"Alpha Pro Tech, Ltd.",3.75,$56.65M,n/a,Health Care,Industrial Specialties,http://www.nasdaq.com/symbol/apt
GOOG,Alphabet Inc.,928.51,$643.35B,2004,Technology,"Computer Software: Programming, Data Processing",http://www.nasdaq.com/symbol/goog
GOOGL,Alphabet Inc.,942.71,$653.18B,n/a,Technology,"Computer Software: Programming, Data Processing",http://www.nasdaq.com/symbol/googl
SMCP,AlphaMark Actively Managed Small Cap ETF,24.49,$26.94M,n/a,n/a,n/a,http://www.nasdaq.com/symbol/smcp
ATEC,"Alphatec Holdings, Inc.",2.17,$29.91M,2006,Health Care,Medical/Dental Instruments,http://www.nasdaq.com/symbol/atec
AGD,Alpine Global Dynamic Dividend Fund,10.55,$132.4M,2006,n/a,n/a,http://www.nasdaq.com/symbol/agd
AWP,Alpine Global Premier Properties Fund,6.52,$556.86M,2007,n/a,n/a,http://www.nasdaq.com/symbol/awp
ALPN,"Alpine Immune Sciences, Inc.",11.7,$45.79M,2015,Health Care,Major Pharmaceuticals,http://www.nasdaq.com/symbol/alpn
AOD,Alpine Total Dynamic Dividend Fund,8.91,$958.66M,2007,n/a,n/a,http://www.nasdaq.com/symbol/aod
SWIN,ALPS/Dorsey Wright Sector Momentum ETF,27.9458,$8.38M,n/a,n/a,n/a,http://www.nasdaq.com/symbol/swin
AABA,Altaba Inc.,67.28,$59.67B,n/a,Technology,EDP Services,http://www.nasdaq.com/symbol/aaba
AYX,"Alteryx, Inc.",19.23,$1.13B,2017,Technology,Computer Software: Prepackaged Software,http://www.nasdaq.com/symbol/ayx
ATUS,"Altice USA, Inc.",27.3,$20.12B,2017,Consumer Services,Television Services,http://www.nasdaq.com/symbol/atus
ALT,"Altimmune, Inc.",2.475,$38.58M,n/a,Health Care,Major Pharmaceuticals,http://www.nasdaq.com/symbol/alt
AAMC,Altisource Asset Management Corp,88.95,$139.9M,n/a,Finance,Real Estate,http://www.nasdaq.com/symbol/aamc
ASPS,Altisource Portfolio Solutions S.A.,25.06,$452.31M,n/a,Consumer Services,Other Consumer Services,http://www.nasdaq.com/symbol/asps
RESI,Altisource Residential Corporation,10.93,$583.22M,n/a,Finance,Real Estate,http://www.nasdaq.com/symbol/resi
AIMC,Altra Industrial Motion Corp.,47.65,$1.4B,2006,Capital Goods,Industrial Machinery/Components,http://www.nasdaq.com/symbol/aimc
MO,Altria Group,62.49,$119.89B,n/a,Consumer Non-Durables,Farming/Seeds/Milling,http://www.nasdaq.com/symbol/mo
ACH,Aluminum Corporation of China Limited,22.52,$13.43B,2001,Basic Industries,Aluminum,http://www.nasdaq.com/symbol/ach
AMAG,"AMAG Pharmaceuticals, Inc.",18.25,$644.01M,n/a,Health Care,Major Pharmaceuticals,http://www.nasdaq.com/symbol/amag
AMRN,Amarin Corporation plc,3.28,$888.2M,n/a,Health Care,Major Pharmaceuticals,http://www.nasdaq.com/symbol/amrn
AMRK,"A-Mark Precious Metals, Inc.",16.32,$114.75M,n/a,Basic Industries,Other Specialty Stores,http://www.nasdaq.com/symbol/amrk
AMZN,"Amazon.com, Inc.",954.63,$458.58B,1997,Consumer Services,Catalog/Specialty Distribution,http://www.nasdaq.com/symbol/amzn
AMBC,"Ambac Financial Group, Inc.",17.81,$805.92M,n/a,Finance,Property-Casualty Insurers,http://www.nasdaq.com/symbol/ambc
AMBCW,"Ambac Financial Group, Inc.",8.45,n/a,n/a,Finance,Property-Casualty Insurers,http://www.nasdaq.com/symbol/ambcw
AMBA,"Ambarella, Inc.",46.95,$1.56B,2012,Technology,Semiconductors,http://www.nasdaq.com/symbol/amba
AMBR,"Amber Road, Inc.",7.5,$203.69M,2014,Technology,Computer Software: Prepackaged Software,http://www.nasdaq.com/symbol/ambr
ABEV,Ambev S.A.,6.85,$107.59B,2013,Consumer Non-Durables,Beverages (Production/Distribution),http://www.nasdaq.com/symbol/abev
AMC,"AMC Entertainment Holdings, Inc.",15.9,$2.08B,2013,Consumer Services,Movies/Entertainment,http://www.nasdaq.com/symbol/amc
AMCX,AMC Networks Inc.,59.06,$3.75B,n/a,Consumer Services,Television Services,http://www.nasdaq.com/symbol/amcx
DIT,AMCON Distributing Company,92.25,$62.63M,n/a,Consumer Non-Durables,Food Distributors,http://www.nasdaq.com/symbol/dit
DOX,Amdocs Limited,64.16,$9.33B,n/a,Technology,EDP Services,http://www.nasdaq.com/symbol/dox
AMFW,Amec Plc Ord,6.69,$2.63B,2014,Consumer Services,Military/Government/Technical,http://www.nasdaq.com/symbol/amfw
AMDA,Amedica Corporation,0.32,$11.6M,2014,Health Care,Medical/Dental Instruments,http://www.nasdaq.com/symbol/amda
AMED,Amedisys Inc,52.12,$1.76B,n/a,Health Care,Medical/Nursing Services,http://www.nasdaq.com/symbol/amed
UHAL,Amerco,372.97,$7.31B,n/a,Consumer Services,Rental/Leasing Companies,http://www.nasdaq.com/symbol/uhal
AEE,Ameren Corporation,58.51,$14.2B,n/a,Public Utilities,Power Generation,http://www.nasdaq.com/symbol/aee
AMRC,"Ameresco, Inc.",7.75,$352.84M,2010,Basic Industries,Engineering & Construction,http://www.nasdaq.com/symbol/amrc
ATAX,"America First Multifamily Investors, L.P.",6.15,$370.56M,n/a,Finance,Finance: Consumer Services,http://www.nasdaq.com/symbol/atax
AMOV,"America Movil, S.A.B. de C.V.",18.22,$59.94B,n/a,Public Utilities,Telecommunications Equipment,http://www.nasdaq.com/symbol/amov
AMX,"America Movil, S.A.B. de C.V.",18.45,$60.7B,n/a,Public Utilities,Telecommunications Equipment,http://www.nasdaq.com/symbol/amx
AAL,"American Airlines Group, Inc.",47.06,$22.92B,n/a,Transportation,Air Freight/Delivery Services,http://www.nasdaq.com/symbol/aal
AAT,"American Assets Trust, Inc.",39.81,$1.88B,2011,Consumer Services,Real Estate Investment Trusts,http://www.nasdaq.com/symbol/aat
AXL,"American Axle & Manufacturing Holdings, Inc.",16.52,$1.84B,n/a,Capital Goods,Auto Parts:O.E.M.,http://www.nasdaq.com/symbol/axl
ACC,American Campus Communities Inc,47.32,$6.46B,2004,Consumer Services,Real Estate Investment Trusts,http://www.nasdaq.com/symbol/acc
ACSF,"American Capital Senior Floating, Ltd.",11.6,$116M,2014,n/a,n/a,http://www.nasdaq.com/symbol/acsf
AEO,"American Eagle Outfitters, Inc.",13.85,$2.45B,n/a,Consumer Services,Clothing/Shoe/Accessory Stores,http://www.nasdaq.com/symbol/aeo
AEP,"American Electric Power Company, Inc.",70.57,$34.71B,n/a,Public Utilities,Electric Utilities: Central,http://www.nasdaq.com/symbol/aep
AETI,"American Electric Technologies, Inc.",1.5472,$13.33M,n/a,Energy,Industrial Machinery/Components,http://www.nasdaq.com/symbol/aeti
AEL,American Equity Investment Life Holding Company,28.38,$2.52B,2003,Finance,Life Insurance,http://www.nasdaq.com/symbol/ael
AXP,American Express Company,88.4,$78.14B,n/a,Finance,Finance: Consumer Services,http://www.nasdaq.com/symbol/axp
AFG,"American Financial Group, Inc.",102.53,$9.02B,n/a,Finance,Property-Casualty Insurers,http://www.nasdaq.com/symbol/afg
AFGE,"American Financial Group, Inc.",26.28,n/a,2014,Finance,Property-Casualty Insurers,http://www.nasdaq.com/symbol/afge
AFGH,"American Financial Group, Inc.",26.83,n/a,2015,Finance,Property-Casualty Insurers,http://www.nasdaq.com/symbol/afgh
AMH,American Homes 4 Rent,21.66,$5.64B,2013,Consumer Services,Real Estate Investment Trusts,http://www.nasdaq.com/symbol/amh
AMH^A,American Homes 4 Rent,28.58,n/a,n/a,Consumer Services,Real Estate Investment Trusts,http://www.nasdaq.com/symbol/amh^a
AMH^B,American Homes 4 Rent,28.6,n/a,n/a,n/a,n/a,http://www.nasdaq.com/symbol/amh^b
AMH^C,American Homes 4 Rent,28.5,n/a,n/a,n/a,n/a,http://www.nasdaq.com/symbol/amh^c
AMH^D,American Homes 4 Rent,27.26,n/a,n/a,n/a,n/a,http://www.nasdaq.com/symbol/amh^d
AMH^E,American Homes 4 Rent,26.75,n/a,n/a,n/a,n/a,http://www.nasdaq.com/symbol/amh^e
AMH^F,American Homes 4 Rent,25.42,n/a,n/a,n/a,n/a,http://www.nasdaq.com/symbol/amh^f
AMH^G,American Homes 4 Rent,25.37,n/a,n/a,n/a,n/a,http://www.nasdaq.com/symbol/amh^g
AIG,"American International Group, Inc.",60.71,$54.85B,n/a,Finance,Property-Casualty Insurers,http://www.nasdaq.com/symbol/aig
AIG.WS,"American International Group, Inc.",n/a,n/a,n/a,n/a,n/a,http://www.nasdaq.com/symbol/aig.ws
ALN,American Lorain Corporation,0.36,$13.78M,n/a,Consumer Non-Durables,Packaged Foods,http://www.nasdaq.com/symbol/aln
AMID,"American Midstream Partners, LP",13.3,$688.41M,2011,Public Utilities,Natural Gas Distribution,http://www.nasdaq.com/symbol/amid
AMNB,"American National Bankshares, Inc.",39.4,$340.53M,n/a,Finance,Major Banks,http://www.nasdaq.com/symbol/amnb
ANAT,American National Insurance Company,117.615,$3.17B,n/a,Finance,Life Insurance,http://www.nasdaq.com/symbol/anat
AOBC,American Outdoor Brands Corporation,15.01,$810.56M,n/a,Capital Goods,Ordnance And Accessories,http://www.nasdaq.com/symbol/aobc
APEI,"American Public Education, Inc.",19.275,$313.19M,2007,Consumer Services,Other Consumer Services,http://www.nasdaq.com/symbol/apei
ARII,"American Railcar Industries, Inc.",37.13,$708.58M,2006,Capital Goods,Railroads,http://www.nasdaq.com/symbol/arii
ARL,"American Realty Investors, Inc.",8.698,$134.94M,n/a,Finance,Real Estate,http://www.nasdaq.com/symbol/arl
ARA,"American Renal Associates Holdings, Inc",14.25,$445.82M,2016,Health Care,Hospital/Nursing Management,http://www.nasdaq.com/symbol/ara
AMRB,American River Bankshares,13.536,$86.52M,n/a,Finance,Major Banks,http://www.nasdaq.com/symbol/amrb
AMS,American Shared Hospital Services,3,$17.13M,n/a,Health Care,Medical Specialities,http://www.nasdaq.com/symbol/ams
AMSWA,"American Software, Inc.",10.8,$321.06M,n/a,Technology,Computer Software: Prepackaged Software,http://www.nasdaq.com/symbol/amswa
AWR,American States Water Company,51.29,$1.88B,n/a,Public Utilities,Water Supply,http://www.nasdaq.com/symbol/awr
AMSC,American Superconductor Corporation,4.14,$79.46M,1991,Consumer Durables,Metal Fabrications,http://www.nasdaq.com/symbol/amsc
AMT,American Tower Corporation (REIT),137.78,$59.13B,n/a,Consumer Services,Real Estate Investment Trusts,http://www.nasdaq.com/symbol/amt
AMT^B,American Tower Corporation (REIT),121.78,n/a,n/a,n/a,n/a,http://www.nasdaq.com/symbol/amt^b
AVD,American Vanguard Corporation,21.75,$647.8M,n/a,Basic Industries,Agricultural Chemicals,http://www.nasdaq.com/symbol/avd
AWK,American Water Works,82.03,$14.62B,2008,Public Utilities,Water Supply,http://www.nasdaq.com/symbol/awk
AMWD,American Woodmark Corporation,92.65,$1.51B,1986,Basic Industries,Forest Products,http://www.nasdaq.com/symbol/amwd
CRMT,"America&#39;s Car-Mart, Inc.",40.9,$301.27M,n/a,Consumer Durables,Automotive Aftermarket,http://www.nasdaq.com/symbol/crmt
USAS,Americas Silver Corporation,4.14,$165.81M,2017,Basic Industries,Precious Metals,http://www.nasdaq.com/symbol/usas
APU,"AmeriGas Partners, L.P.",42.93,$3.99B,n/a,Consumer Services,Other Specialty Stores,http://www.nasdaq.com/symbol/apu
AMP,"AMERIPRISE FINANCIAL SERVICES, INC.",142.92,$21.43B,n/a,Finance,Investment Managers,http://www.nasdaq.com/symbol/amp
ABCB,Ameris Bancorp,45.4,$1.69B,1994,Finance,Major Banks,http://www.nasdaq.com/symbol/abcb
AMSF,"AMERISAFE, Inc.",57.4,$1.1B,2005,Finance,Property-Casualty Insurers,http://www.nasdaq.com/symbol/amsf
ASRV,AmeriServ Financial Inc.,3.9,$71.95M,n/a,Finance,Major Banks,http://www.nasdaq.com/symbol/asrv
ASRVP,AmeriServ Financial Inc.,27.12,n/a,n/a,Finance,Major Banks,http://www.nasdaq.com/symbol/asrvp
ABC,AmerisourceBergen Corporation (Holding Co),81.05,$17.76B,n/a,Health Care,Other Pharmaceuticals,http://www.nasdaq.com/symbol/abc
ATLO,Ames National Corporation,28.3,$263.5M,n/a,Finance,Major Banks,http://www.nasdaq.com/symbol/atlo
AMGN,Amgen Inc.,185.655,$135.47B,1983,Health Care,Biotechnology: Biological Products (No Diagnostic Substances),http://www.nasdaq.com/symbol/amgn
FOLD,"Amicus Therapeutics, Inc.",14.62,$2.41B,2007,Health Care,Major Pharmaceuticals,http://www.nasdaq.com/symbol/fold
ANFI,Amira Nature Foods Ltd,6.07,$191.26M,2012,Consumer Non-Durables,Packaged Foods,http://www.nasdaq.com/symbol/anfi
AMKR,"Amkor Technology, Inc.",10.06,$2.41B,1998,Technology,Semiconductors,http://www.nasdaq.com/symbol/amkr
AMN,AMN Healthcare Services Inc,41.15,$1.97B,n/a,Technology,Professional Services,http://www.nasdaq.com/symbol/amn
AP,Ampco-Pittsburgh Corporation,17.25,$213.22M,n/a,Capital Goods,Fluid Controls,http://www.nasdaq.com/symbol/ap
AMPH,"Amphastar Pharmaceuticals, Inc.",16.1,$743.75M,2014,Health Care,Major Pharmaceuticals,http://www.nasdaq.com/symbol/amph
APH,Amphenol Corporation,82.94,$25.33B,n/a,Capital Goods,Electrical Products,http://www.nasdaq.com/symbol/aph
AMPE,"Ampio Pharmaceuticals, Inc.",0.6,$40.94M,n/a,Health Care,Major Pharmaceuticals,http://www.nasdaq.com/symbol/ampe
IBUY,Amplify Online Retail ETF,36.81,n/a,n/a,n/a,n/a,http://www.nasdaq.com/symbol/ibuy
BETR,"Amplify Snack Brands, inc.",6.74,$517.25M,2015,Consumer Non-Durables,Packaged Foods,http://www.nasdaq.com/symbol/betr
APHB,AmpliPhi Biosciences Corporation,1.02,$8.92M,n/a,Health Care,Biotechnology: Biological Products (No Diagnostic Substances),http://www.nasdaq.com/symbol/aphb
AXR,AMREP Corporation,6.86,$55.49M,n/a,Consumer Services,Newspapers/Magazines,http://www.nasdaq.com/symbol/axr
ASYS,"Amtech Systems, Inc.",11.49,$167.19M,n/a,Technology,Industrial Machinery/Components,http://www.nasdaq.com/symbol/asys
AME,"AMTEK, Inc.",65.59,$15.14B,n/a,Consumer Durables,Metal Fabrications,http://www.nasdaq.com/symbol/ame
AFSI,"AmTrust Financial Services, Inc.",13.28,$2.6B,n/a,Finance,Property-Casualty Insurers,http://www.nasdaq.com/symbol/afsi
AFSI^A,"AmTrust Financial Services, Inc.",24.47,n/a,n/a,n/a,n/a,http://www.nasdaq.com/symbol/afsi^a
AFSI^B,"AmTrust Financial Services, Inc.",24.8,n/a,n/a,n/a,n/a,http://www.nasdaq.com/symbol/afsi^b
AFSI^C,"AmTrust Financial Services, Inc.",25.0572,n/a,n/a,n/a,n/a,http://www.nasdaq.com/symbol/afsi^c
AFSI^D,"AmTrust Financial Services, Inc.",24.9,n/a,n/a,n/a,n/a,http://www.nasdaq.com/symbol/afsi^d
AFSI^E,"AmTrust Financial Services, Inc.",25.5,n/a,n/a,n/a,n/a,http://www.nasdaq.com/symbol/afsi^e
AFSI^F,"AmTrust Financial Services, Inc.",23.47,n/a,n/a,n/a,n/a,http://www.nasdaq.com/symbol/afsi^f
AFSS,"AmTrust Financial Services, Inc.",25.69,n/a,2015,Finance,Property-Casualty Insurers,http://www.nasdaq.com/symbol/afss
AFST,"AmTrust Financial Services, Inc.",25.94,n/a,2015,Finance,Property-Casualty Insurers,http://www.nasdaq.com/symbol/afst
AMRS,"Amyris, Inc.",3.5,$131.62M,2010,Basic Industries,Major Chemicals,http://www.nasdaq.com/symbol/amrs
AEUA,Anadarko Petroleum Corporation,36.36,n/a,2015,Energy,Oil & Gas Production,http://www.nasdaq.com/symbol/aeua
APC,Anadarko Petroleum Corporation,48.83,$27.36B,n/a,Energy,Oil & Gas Production,http://www.nasdaq.com/symbol/apc
ADI,"Analog Devices, Inc.",84.91,$31.22B,n/a,Technology,Semiconductors,http://www.nasdaq.com/symbol/adi
ALOG,Analogic Corporation,81.25,$1.01B,1972,Capital Goods,Electrical Products,http://www.nasdaq.com/symbol/alog
ANAB,"AnaptysBio, Inc.",34.1,$693.68M,2017,Health Care,Major Pharmaceuticals,http://www.nasdaq.com/symbol/anab
AVXL,Anavex Life Sciences Corp.,4.13,$174.17M,n/a,Health Care,Biotechnology: Commercial Physical & Biological Resarch,http://www.nasdaq.com/symbol/avxl
ANCB,Anchor Bancorp,25.255,$63.01M,2011,Finance,Banks,http://www.nasdaq.com/symbol/ancb
ANDV,Andeavor,104,$16.32B,n/a,Energy,Integrated oil Companies,http://www.nasdaq.com/symbol/andv
ANDX,Andeavor Logistics LP,47.64,$5.15B,2011,Energy,Natural Gas Distribution,http://www.nasdaq.com/symbol/andx
ANDA,Andina Acquisition Corp. II,10.16,$53.95M,2015,Finance,Business Services,http://www.nasdaq.com/symbol/anda
ANDAR,Andina Acquisition Corp. II,0.5499,n/a,2015,Finance,Business Services,http://www.nasdaq.com/symbol/andar
ANDAU,Andina Acquisition Corp. II,10.95,n/a,2015,Finance,Business Services,http://www.nasdaq.com/symbol/andau
ANDAW,Andina Acquisition Corp. II,0.35,n/a,2015,Finance,Business Services,http://www.nasdaq.com/symbol/andaw
ANGI,"Angie&#39;s List, Inc.",12.63,$774.08M,2011,Consumer Services,Advertising,http://www.nasdaq.com/symbol/angi
ANGO,"AngioDynamics, Inc.",17.86,$653.8M,2004,Health Care,Medical/Dental Instruments,http://www.nasdaq.com/symbol/ango
AU,AngloGold Ashanti Limited,9.47,$3.87B,n/a,Basic Industries,Precious Metals,http://www.nasdaq.com/symbol/au
BUD,Anheuser-Busch Inbev SA,116.39,$225.04B,n/a,Consumer Non-Durables,Beverages (Production/Distribution),http://www.nasdaq.com/symbol/bud
ANIP,"ANI Pharmaceuticals, Inc.",50.06,$583.16M,n/a,Health Care,Major Pharmaceuticals,http://www.nasdaq.com/symbol/anip
ANIK,Anika Therapeutics Inc.,56.71,$831.28M,n/a,Health Care,Medical/Dental Instruments,http://www.nasdaq.com/symbol/anik
AXE,Anixter International Inc.,81.25,$2.7B,n/a,Consumer Non-Durables,Telecommunications Equipment,http://www.nasdaq.com/symbol/axe
NLY,Annaly Capital Management Inc,12.44,$13.54B,n/a,Consumer Services,Real Estate Investment Trusts,http://www.nasdaq.com/symbol/nly
NLY^C,Annaly Capital Management Inc,25.55,n/a,n/a,n/a,n/a,http://www.nasdaq.com/symbol/nly^c
NLY^D,Annaly Capital Management Inc,25.42,n/a,n/a,n/a,n/a,http://www.nasdaq.com/symbol/nly^d
NLY^E,Annaly Capital Management Inc,25.29,n/a,n/a,n/a,n/a,http://www.nasdaq.com/symbol/nly^e
NLY^F,Annaly Capital Management Inc,25.38,n/a,n/a,n/a,n/a,http://www.nasdaq.com/symbol/nly^f
ANSS,"ANSYS, Inc.",122,$10.34B,1996,Technology,Computer Software: Prepackaged Software,http://www.nasdaq.com/symbol/anss
ATRS,"Antares Pharma, Inc.",2.99,$467.66M,n/a,Health Care,Medical/Dental Instruments,http://www.nasdaq.com/symbol/atrs
AMGP,Antero Midstream GP LP,19.59,$3.65B,2017,Public Utilities,Natural Gas Distribution,http://www.nasdaq.com/symbol/amgp
AM,Antero Midstream Partners LP,31.36,$5.85B,2014,Public Utilities,Natural Gas Distribution,http://www.nasdaq.com/symbol/am
AR,Antero Resources Corporation,19.85,$6.26B,2013,Energy,Oil & Gas Production,http://www.nasdaq.com/symbol/ar
ANTM,"Anthem, Inc.",182.86,$48.02B,n/a,Health Care,Medical Specialities,http://www.nasdaq.com/symbol/antm
ANTX,"Anthem, Inc.",51.37,$13.61B,2015,Health Care,Medical Specialities,http://www.nasdaq.com/symbol/antx
ANTH,"Anthera Pharmaceuticals, Inc.",1.4,$15.27M,2010,Health Care,Major Pharmaceuticals,http://www.nasdaq.com/symbol/anth
ANH,Anworth Mortgage Asset  Corporation,6.14,$598.96M,n/a,Consumer Services,Real Estate Investment Trusts,http://www.nasdaq.com/symbol/anh
ANH^A,Anworth Mortgage Asset  Corporation,26.42,n/a,n/a,n/a,n/a,http://www.nasdaq.com/symbol/anh^a
ANH^B,Anworth Mortgage Asset  Corporation,29.9391,n/a,n/a,n/a,n/a,http://www.nasdaq.com/symbol/anh^b
ANH^C,Anworth Mortgage Asset  Corporation,25.3908,n/a,n/a,n/a,n/a,http://www.nasdaq.com/symbol/anh^c
AON,Aon plc,146.02,$37.14B,n/a,Finance,Specialty Insurers,http://www.nasdaq.com/symbol/aon
ABAC,"Aoxin Tianli Group, Inc.",2.3147,$18.48M,n/a,Consumer Non-Durables,Farming/Seeds/Milling,http://www.nasdaq.com/symbol/abac
AXN,"Aoxing Pharmaceutical Company, Inc.",0.2509,$19.12M,n/a,Health Care,Major Pharmaceuticals,http://www.nasdaq.com/symbol/axn
APA,Apache Corporation,43.57,$16.6B,n/a,Energy,Oil & Gas Production,http://www.nasdaq.com/symbol/apa
AIV,Apartment Investment and Management Company,44.75,$7.03B,1994,Consumer Services,Real Estate Investment Trusts,http://www.nasdaq.com/symbol/aiv
AIV^A,Apartment Investment and Management Company,26.76,n/a,n/a,n/a,n/a,http://www.nasdaq.com/symbol/aiv^a
APOG,"Apogee Enterprises, Inc.",46.51,$1.34B,n/a,Capital Goods,Auto Parts:O.E.M.,http://www.nasdaq.com/symbol/apog
ARI,Apollo Commercial Real Estate Finance,18.35,$1.93B,2009,Consumer Services,Real Estate Investment Trusts,http://www.nasdaq.com/symbol/ari
ARI^C,Apollo Commercial Real Estate Finance,25.75,n/a,n/a,n/a,n/a,http://www.nasdaq.com/symbol/ari^c
APEN,"Apollo Endosurgery, Inc.",4.5066,$77.75M,n/a,Health Care,Biotechnology: Biological Products (No Diagnostic Substances),http://www.nasdaq.com/symbol/apen
APO,"Apollo Global Management, LLC",31.05,$12.71B,2011,Finance,Investment Managers,http://www.nasdaq.com/symbol/apo
APO^A,"Apollo Global Management, LLC",26.14,n/a,n/a,n/a,n/a,http://www.nasdaq.com/symbol/apo^a
AIB.CL,Apollo Investment Corporation,n/a,n/a,n/a,n/a,n/a,http://www.nasdaq.com/symbol/aib.cl
AINV,Apollo Investment Corporation,5.9,$1.3B,2004,n/a,n/a,http://www.nasdaq.com/symbol/ainv
AIY,Apollo Investment Corporation,26.24,n/a,2013,n/a,n/a,http://www.nasdaq.com/symbol/aiy
AFT,Apollo Senior Floating Rate Fund Inc.,16.7,$260.07M,2011,n/a,n/a,http://www.nasdaq.com/symbol/aft
AIF,Apollo Tactical Income Fund Inc.,16.14,$233.45M,2013,n/a,n/a,http://www.nasdaq.com/symbol/aif
APPF,"AppFolio, Inc.",46.15,$1.57B,2015,Technology,Computer Software: Prepackaged Software,http://www.nasdaq.com/symbol/appf
APPN,Appian Corporation,22.84,$1.37B,2017,Technology,Computer Software: Prepackaged Software,http://www.nasdaq.com/symbol/appn
APLE,"Apple Hospitality REIT, Inc.",18.65,$4.16B,2015,Consumer Services,Real Estate Investment Trusts,http://www.nasdaq.com/symbol/aple
AAPL,Apple Inc.,151.89,$784.55B,1980,Technology,Computer Manufacturing,http://www.nasdaq.com/symbol/aapl
ARCI,"Appliance Recycling Centers of America, Inc.",1.15,$7.65M,n/a,Consumer Services,Home Furnishings,http://www.nasdaq.com/symbol/arci
APDN,Applied DNA Sciences Inc,2.5,$68.44M,n/a,Consumer Services,Other Consumer Services,http://www.nasdaq.com/symbol/apdn
APDNW,Applied DNA Sciences Inc,0.65,n/a,n/a,Consumer Services,Other Consumer Services,http://www.nasdaq.com/symbol/apdnw
AGTC,Applied Genetic Technologies Corporation,3.6,$65.12M,2014,Health Care,Biotechnology: Biological Products (No Diagnostic Substances),http://www.nasdaq.com/symbol/agtc
AIT,"Applied Industrial Technologies, Inc.",61.85,$2.4B,n/a,Consumer Durables,Industrial Specialties,http://www.nasdaq.com/symbol/ait
AMAT,"Applied Materials, Inc.",47.76,$50.94B,1972,Technology,Semiconductors,http://www.nasdaq.com/symbol/amat
AAOI,"Applied Optoelectronics, Inc.",63.84,$1.23B,2013,Technology,Semiconductors,http://www.nasdaq.com/symbol/aaoi
AREX,Approach Resources Inc.,2.665,$230.53M,2007,Energy,Oil & Gas Production,http://www.nasdaq.com/symbol/arex
APTI,"Apptio, Inc.",17.42,$696.03M,2016,Technology,Computer Software: Prepackaged Software,http://www.nasdaq.com/symbol/apti
APRI,"Apricus Biosciences, Inc.",1.67,$21.35M,n/a,Health Care,Major Pharmaceuticals,http://www.nasdaq.com/symbol/apri
ATR,"AptarGroup, Inc.",85.72,$5.38B,n/a,Consumer Non-Durables,Plastic Products,http://www.nasdaq.com/symbol/atr
APVO,Aptevo Therapeutics Inc.,1.96,$41.98M,n/a,Health Care,Major Pharmaceuticals,http://www.nasdaq.com/symbol/apvo
APTO,"Aptose Biosciences, Inc.",1.61,$38.56M,n/a,Health Care,Biotechnology: Biological Products (No Diagnostic Substances),http://www.nasdaq.com/symbol/apto
WTR,"Aqua America, Inc.",33.75,$6B,n/a,Public Utilities,Water Supply,http://www.nasdaq.com/symbol/wtr
AQMS,"Aqua Metals, Inc.",5.5,$110.91M,2015,Basic Industries,Metal Fabrications,http://www.nasdaq.com/symbol/aqms
AQB,"AquaBounty Technologies, Inc.",6.76,$60.13M,n/a,n/a,n/a,http://www.nasdaq.com/symbol/aqb
WAAS,AquaVenture Holdings Limited,14.44,$381.7M,2016,Public Utilities,Water Supply,http://www.nasdaq.com/symbol/waas
AQXP,"Aquinox Pharmaceuticals, Inc.",13.75,$322.64M,2014,Health Care,Major Pharmaceuticals,http://www.nasdaq.com/symbol/aqxp
ARDM,Aradigm Corporation,2.517,$38.04M,1996,Health Care,Biotechnology: Electromedical & Electrotherapeutic Apparatus,http://www.nasdaq.com/symbol/ardm
ARLZ,Aralez Pharmaceuticals Inc.,1.7999,$118.54M,n/a,Health Care,Major Pharmaceuticals,http://www.nasdaq.com/symbol/arlz
ARMK,Aramark,40.94,$10.03B,2013,Consumer Services,Restaurants,http://www.nasdaq.com/symbol/armk
PETX,"Aratana Therapeutics, Inc.",6.2,$266.61M,2013,Health Care,Major Pharmaceuticals,http://www.nasdaq.com/symbol/petx
ABR,Arbor Realty Trust,8,$490.8M,2004,Consumer Services,Real Estate Investment Trusts,http://www.nasdaq.com/symbol/abr
ABR^A,Arbor Realty Trust,25.4,n/a,n/a,n/a,n/a,http://www.nasdaq.com/symbol/abr^a
ABR^B,Arbor Realty Trust,25.2,n/a,n/a,n/a,n/a,http://www.nasdaq.com/symbol/abr^b
ABR^C,Arbor Realty Trust,26.4,n/a,n/a,n/a,n/a,http://www.nasdaq.com/symbol/abr^c
ABRN,Arbor Realty Trust,25.47,n/a,2014,Consumer Services,Real Estate Investment Trusts,http://www.nasdaq.com/symbol/abrn
ABUS,Arbutus Biopharma Corporation,6.55,$360.43M,n/a,Health Care,Major Pharmaceuticals,http://www.nasdaq.com/symbol/abus
ARC,"ARC Document Solutions, Inc.",3.94,$182.97M,2004,Consumer Services,Professional Services,http://www.nasdaq.com/symbol/arc
ARCW,"ARC Group Worldwide, Inc.",2.445,$44.43M,n/a,Capital Goods,Metal Fabrications,http://www.nasdaq.com/symbol/arcw
ARCX,Arc Logistic Partners LP,16.57,$323.88M,2013,Energy,Oil Refining/Marketing,http://www.nasdaq.com/symbol/arcx
ABIO,"ARCA biopharma, Inc.",1.15,$16.56M,n/a,Health Care,Biotechnology: In Vitro & In Vivo Diagnostic Substances,http://www.nasdaq.com/symbol/abio
RKDA,"Arcadia Biosciences, Inc.",0.4923,$21M,2015,Basic Industries,Agricultural Chemicals,http://www.nasdaq.com/symbol/rkda
ARCB,ArcBest Corporation,30.75,$790.47M,n/a,Transportation,Trucking Freight/Courier Services,http://www.nasdaq.com/symbol/arcb
MT,ArcelorMittal,25.59,$26.09B,n/a,Basic Industries,Steel/Iron Ore,http://www.nasdaq.com/symbol/mt
ACGL,Arch Capital Group Ltd.,98.09,$12.82B,n/a,Finance,Property-Casualty Insurers,http://www.nasdaq.com/symbol/acgl
ACGLO,Arch Capital Group Ltd.,25.13,n/a,n/a,Finance,Property-Casualty Insurers,http://www.nasdaq.com/symbol/acglo
ACGLP,Arch Capital Group Ltd.,24.63,n/a,n/a,Finance,Property-Casualty Insurers,http://www.nasdaq.com/symbol/acglp
ARH^C,Arch Capital Group Ltd.,25.65,n/a,n/a,n/a,n/a,http://www.nasdaq.com/symbol/arh^c
ARCH,"Arch Coal, Inc.",71.15,$1.68B,2016,Energy,Coal Mining,http://www.nasdaq.com/symbol/arch
ADM,Archer-Daniels-Midland Company,43.38,$24.4B,n/a,Consumer Non-Durables,Packaged Foods,http://www.nasdaq.com/symbol/adm
APLP,"Archrock Partners, L.P.",14.25,$934.52M,n/a,Public Utilities,Natural Gas Distribution,http://www.nasdaq.com/symbol/aplp
AROC,"Archrock, Inc.",11.9,$844.17M,n/a,Public Utilities,Natural Gas Distribution,http://www.nasdaq.com/symbol/aroc
FUV,"Arcimoto, Inc.",5.54,n/a,2017,n/a,n/a,http://www.nasdaq.com/symbol/fuv
ARNC^,Arconic Inc.,87.22,n/a,n/a,n/a,n/a,http://www.nasdaq.com/symbol/arnc^
ARNC,Arconic Inc.,26.21,$11.56B,n/a,Capital Goods,Metal Fabrications,http://www.nasdaq.com/symbol/arnc
ARNC^B,Arconic Inc.,41.11,n/a,n/a,n/a,n/a,http://www.nasdaq.com/symbol/arnc^b
ARCO,Arcos Dorados Holdings Inc.,9.85,$2.08B,2011,Consumer Services,Restaurants,http://www.nasdaq.com/symbol/arco
ARD,Ardagh Group S.A.,20.71,$4.89B,2017,Consumer Durables,Containers/Packaging,http://www.nasdaq.com/symbol/ard
ARDX,"Ardelyx, Inc.",5.3,$251.46M,2014,Health Care,Major Pharmaceuticals,http://www.nasdaq.com/symbol/ardx
ASC,Ardmore Shipping Corporation,8,$268.6M,2013,Transportation,Marine Transportation,http://www.nasdaq.com/symbol/asc
ARNA,"Arena Pharmaceuticals, Inc.",25.1,$984.43M,2000,Health Care,Major Pharmaceuticals,http://www.nasdaq.com/symbol/arna
AFC,Ares Capital Corporation,26.136,$209.09M,n/a,n/a,n/a,http://www.nasdaq.com/symbol/afc
ARCC,Ares Capital Corporation,15.845,$6.75B,2004,n/a,n/a,http://www.nasdaq.com/symbol/arcc
ACRE,Ares Commercial Real Estate Corporation,13.19,$377.01M,2012,Consumer Services,Real Estate Investment Trusts,http://www.nasdaq.com/symbol/acre
ARDC,"Ares Dynamic Credit Allocation Fund, Inc.",16.32,$374.75M,2012,n/a,n/a,http://www.nasdaq.com/symbol/ardc
ARES,Ares Management L.P.,18.6,$3.95B,2014,Finance,Investment Managers,http://www.nasdaq.com/symbol/ares
ARES^A,Ares Management L.P.,26.62,n/a,n/a,n/a,n/a,http://www.nasdaq.com/symbol/ares^a
AGX,"Argan, Inc.",64.65,$1B,n/a,Basic Industries,Engineering & Construction,http://www.nasdaq.com/symbol/agx
ARGX,argenx SE,21.5,$577.73M,2017,Health Care,Biotechnology: Biological Products (No Diagnostic Substances),http://www.nasdaq.com/symbol/argx
AGII,"Argo Group International Holdings, Ltd.",60.8,$1.83B,n/a,Finance,Specialty Insurers,http://www.nasdaq.com/symbol/agii
AGIIL,"Argo Group International Holdings, Ltd.",25.1747,n/a,n/a,Finance,Specialty Insurers,http://www.nasdaq.com/symbol/agiil
ARGS,"Argos Therapeutics, Inc.",0.1743,$9.58M,2014,Health Care,Major Pharmaceuticals,http://www.nasdaq.com/symbol/args
ANET,"Arista Networks, Inc.",191.05,$13.86B,2014,Technology,Computer Communications Equipment,http://www.nasdaq.com/symbol/anet
ARKR,Ark Restaurants Corp.,23.55,$80.67M,n/a,Consumer Services,Restaurants,http://www.nasdaq.com/symbol/arkr
AI,Arlington Asset Investment Corp,13.38,$347.22M,n/a,Finance,Finance/Investors Services,http://www.nasdaq.com/symbol/ai
AI^B,Arlington Asset Investment Corp,25.8,n/a,n/a,n/a,n/a,http://www.nasdaq.com/symbol/ai^b
AIC,Arlington Asset Investment Corp,24.2885,n/a,2015,Finance,Finance/Investors Services,http://www.nasdaq.com/symbol/aic
AIW,Arlington Asset Investment Corp,24.8163,n/a,n/a,Finance,Finance/Investors Services,http://www.nasdaq.com/symbol/aiw
AHH,"Armada Hoffler Properties, Inc.",13.61,$611.53M,2013,Finance,Real Estate,http://www.nasdaq.com/symbol/ahh
ARR,"ARMOUR Residential REIT, Inc.",26.36,$1.09B,n/a,Consumer Services,Real Estate Investment Trusts,http://www.nasdaq.com/symbol/arr
ARR^A,"ARMOUR Residential REIT, Inc.",25.42,n/a,n/a,n/a,n/a,http://www.nasdaq.com/symbol/arr^a
ARR^B,"ARMOUR Residential REIT, Inc.",25,n/a,n/a,n/a,n/a,http://www.nasdaq.com/symbol/arr^b
AFI,"Armstrong Flooring, Inc.",14.62,$395.99M,2016,Consumer Non-Durables,Plastic Products,http://www.nasdaq.com/symbol/afi
AWI,Armstrong World Industries Inc,49.85,$2.64B,n/a,Consumer Non-Durables,Plastic Products,http://www.nasdaq.com/symbol/awi
ARTX,Arotech Corporation,4.05,$107.03M,1994,Miscellaneous,Industrial Machinery/Components,http://www.nasdaq.com/symbol/artx
ARQL,"ArQule, Inc.",1.13,$80.42M,1996,Health Care,Major Pharmaceuticals,http://www.nasdaq.com/symbol/arql
ARRY,Array BioPharma Inc.,11.33,$1.95B,2000,Health Care,Major Pharmaceuticals,http://www.nasdaq.com/symbol/arry
ARRS,ARRIS International plc,28.16,$5.28B,n/a,Technology,Radio And Television Broadcasting And Communications Equipment,http://www.nasdaq.com/symbol/arrs
DWAT,Arrow DWA Tactical ETF,11.315,$7.92M,n/a,n/a,n/a,http://www.nasdaq.com/symbol/dwat
ARW,"Arrow Electronics, Inc.",80.24,$7.08B,n/a,Consumer Non-Durables,Electronic Components,http://www.nasdaq.com/symbol/arw
AROW,Arrow Financial Corporation,32.85,$457.11M,n/a,Finance,Major Banks,http://www.nasdaq.com/symbol/arow
ARWR,"Arrowhead Pharmaceuticals, Inc.",3.55,$265.44M,n/a,Health Care,Major Pharmaceuticals,http://www.nasdaq.com/symbol/arwr
ARTNA,Artesian Resources Corporation,36.92,$339.24M,n/a,Public Utilities,Water Supply,http://www.nasdaq.com/symbol/artna
AJG,Arthur J. Gallagher & Co.,60.99,$10.99B,n/a,Finance,Specialty Insurers,http://www.nasdaq.com/symbol/ajg
APAM,Artisan Partners Asset Management Inc.,31.65,$2.39B,2013,Finance,Investment Managers,http://www.nasdaq.com/symbol/apam
ARTW,"Art&#39;s-Way Manufacturing Co., Inc.",2.2,$9.16M,n/a,Capital Goods,Industrial Machinery/Components,http://www.nasdaq.com/symbol/artw
ASA,ASA Gold and Precious Metals Limited,11.98,$231.09M,n/a,n/a,n/a,http://www.nasdaq.com/symbol/asa
AKG,Asanko Gold Inc.,1,$203.45M,n/a,Basic Industries,Mining & Quarrying of Nonmetallic Minerals (No Fuels),http://www.nasdaq.com/symbol/akg
ASBB,"ASB Bancorp, Inc.",43.075,$163.17M,2011,Finance,Savings Institutions,http://www.nasdaq.com/symbol/asbb
ABG,Asbury Automotive Group Inc,59.6,$1.24B,2002,Consumer Durables,Automotive Aftermarket,http://www.nasdaq.com/symbol/abg
ASNA,"Ascena Retail Group, Inc.",2.1,$409.58M,n/a,Consumer Services,Clothing/Shoe/Accessory Stores,http://www.nasdaq.com/symbol/asna
ASND,Ascendis Pharma A/S,34.24,$1.11B,2015,Health Care,Major Pharmaceuticals,http://www.nasdaq.com/symbol/asnd
ASCMA,"Ascent Capital Group, Inc.",11.58,$143.07M,n/a,Consumer Services,Other Consumer Services,http://www.nasdaq.com/symbol/ascma
AHP,"Ashford Hospitality Prime, Inc.",9.66,$308.66M,2013,Consumer Services,Real Estate Investment Trusts,http://www.nasdaq.com/symbol/ahp
AHP^B,"Ashford Hospitality Prime, Inc.",20.7376,n/a,n/a,n/a,n/a,http://www.nasdaq.com/symbol/ahp^b
AHT,Ashford Hospitality Trust Inc,6.47,$630.37M,2003,Consumer Services,Real Estate Investment Trusts,http://www.nasdaq.com/symbol/aht
AHT^D,Ashford Hospitality Trust Inc,25.83,n/a,n/a,n/a,n/a,http://www.nasdaq.com/symbol/aht^d
AHT^F,Ashford Hospitality Trust Inc,25.29,n/a,n/a,n/a,n/a,http://www.nasdaq.com/symbol/aht^f
AHT^G,Ashford Hospitality Trust Inc,25.34,n/a,n/a,n/a,n/a,http://www.nasdaq.com/symbol/aht^g
AHT^H,Ashford Hospitality Trust Inc,25.2,n/a,n/a,n/a,n/a,http://www.nasdaq.com/symbol/aht^h
AINC,Ashford Inc.,55.72,$112.65M,2014,Consumer Services,Professional Services,http://www.nasdaq.com/symbol/ainc
ASH,Ashland Global Holdings Inc.,64.17,$4B,n/a,Consumer Durables,Specialty Chemicals,http://www.nasdaq.com/symbol/ash
APB,"Asia Pacific Fund, Inc. (The)",14.2,$146.89M,n/a,n/a,n/a,http://www.nasdaq.com/symbol/apb
APWC,Asia Pacific Wire & Cable Corporation Limited,2.95,$40.77M,n/a,Basic Industries,Telecommunications Equipment,http://www.nasdaq.com/symbol/apwc
GRR,"Asia Tigers Fund, Inc. (The)",12.6,$43.68M,n/a,n/a,n/a,http://www.nasdaq.com/symbol/grr
ASML,ASML Holding N.V.,165.94,$71.44B,1995,Technology,Industrial Machinery/Components,http://www.nasdaq.com/symbol/asml
ASPN,"Aspen Aerogels, Inc.",4.06,$95.79M,2014,Consumer Services,RETAIL: Building Materials,http://www.nasdaq.com/symbol/aspn
ASPU,Aspen Group Inc.,6.35,$86.32M,n/a,Consumer Services,Other Consumer Services,http://www.nasdaq.com/symbol/aspu
AHL,Aspen Insurance Holdings Limited,40.95,$2.45B,2003,Finance,Property-Casualty Insurers,http://www.nasdaq.com/symbol/ahl
AHL^C,Aspen Insurance Holdings Limited,28.12,n/a,n/a,n/a,n/a,http://www.nasdaq.com/symbol/ahl^c
AHL^D,Aspen Insurance Holdings Limited,25.16,n/a,n/a,n/a,n/a,http://www.nasdaq.com/symbol/ahl^d
AZPN,"Aspen Technology, Inc.",63.94,$4.67B,1994,Technology,EDP Services,http://www.nasdaq.com/symbol/azpn
ASMB,"Assembly Biosciences, Inc.",32.54,$565.04M,n/a,Health Care,Major Pharmaceuticals,http://www.nasdaq.com/symbol/asmb
ASB,Associated Banc-Corp,23.5,$3.56B,n/a,Finance,Major Banks,http://www.nasdaq.com/symbol/asb
ASB.WS,Associated Banc-Corp,n/a,n/a,n/a,n/a,n/a,http://www.nasdaq.com/symbol/asb.ws
ASB^C,Associated Banc-Corp,26.69,n/a,n/a,n/a,n/a,http://www.nasdaq.com/symbol/asb^c
ASB^D,Associated Banc-Corp,25.6,n/a,n/a,n/a,n/a,http://www.nasdaq.com/symbol/asb^d
AC,"Associated Capital Group, Inc.",34.85,$831.67M,2015,Finance,Investment Bankers/Brokers/Service,http://www.nasdaq.com/symbol/ac
AIZ,"Assurant, Inc.",94.45,$5.09B,2004,Finance,Accident &Health Insurance,http://www.nasdaq.com/symbol/aiz
AGO,Assured Guaranty Ltd.,41.55,$4.95B,2004,Finance,Property-Casualty Insurers,http://www.nasdaq.com/symbol/ago
AGO^B,Assured Guaranty Ltd.,26.1015,n/a,n/a,n/a,n/a,http://www.nasdaq.com/symbol/ago^b
AGO^E,Assured Guaranty Ltd.,25.71,n/a,n/a,n/a,n/a,http://www.nasdaq.com/symbol/ago^e
AGO^F,Assured Guaranty Ltd.,25.405,n/a,n/a,n/a,n/a,http://www.nasdaq.com/symbol/ago^f
ASFI,"Asta Funding, Inc.",7.8,$51.67M,1995,Finance,Finance Companies,http://www.nasdaq.com/symbol/asfi
ASTE,"Astec Industries, Inc.",53.5,$1.23B,1986,Capital Goods,Construction/Ag Equipment/Trucks,http://www.nasdaq.com/symbol/aste
AST,"Asterias Biotherapeutics, Inc.",3.2,$159.93M,n/a,Health Care,Biotechnology: Biological Products (No Diagnostic Substances),http://www.nasdaq.com/symbol/ast
AST.WS,"Asterias Biotherapeutics, Inc.",n/a,n/a,n/a,n/a,n/a,http://www.nasdaq.com/symbol/ast.ws
AF,Astoria Financial Corporation,20.79,$2.11B,n/a,Finance,Savings Institutions,http://www.nasdaq.com/symbol/af
AF^C,Astoria Financial Corporation,25.83,n/a,n/a,n/a,n/a,http://www.nasdaq.com/symbol/af^c
AZN,Astrazeneca PLC,33.95,$85.96B,n/a,Health Care,Major Pharmaceuticals,http://www.nasdaq.com/symbol/azn
ATRO,Astronics Corporation,29.115,$835.64M,n/a,Capital Goods,Military/Government/Technical,http://www.nasdaq.com/symbol/atro
ALOT,"AstroNova, Inc.",12.85,$86.64M,1983,Technology,Computer peripheral equipment,http://www.nasdaq.com/symbol/alot
ASTC,Astrotech Corporation,0.73,$16.45M,n/a,Capital Goods,Military/Government/Technical,http://www.nasdaq.com/symbol/astc
ASUR,Asure Software Inc,10.79,$134.02M,n/a,Technology,EDP Services,http://www.nasdaq.com/symbol/asur
ASV,"ASV Holdings, Inc.",8,$78.4M,2017,Capital Goods,Construction/Ag Equipment/Trucks,http://www.nasdaq.com/symbol/asv
HOME,At Home Group Inc.,22.49,$1.36B,2016,Consumer Services,Home Furnishings,http://www.nasdaq.com/symbol/home
T,AT&T Inc.,38.59,$236.94B,n/a,Public Utilities,Telecommunications Equipment,http://www.nasdaq.com/symbol/t
ATAI,ATA Inc.,4.85,$117.57M,2008,Consumer Services,Other Consumer Services,http://www.nasdaq.com/symbol/atai
ATRA,"Atara Biotherapeutics, Inc.",15.6,$476.73M,2014,Health Care,Biotechnology: Biological Products (No Diagnostic Substances),http://www.nasdaq.com/symbol/atra
ATTO,Atento S.A.,11.8,$872.13M,2014,Public Utilities,Telecommunications Equipment,http://www.nasdaq.com/symbol/atto
ATHN,"athenahealth, Inc.",123.665,$4.94B,2007,Miscellaneous,Business Services,http://www.nasdaq.com/symbol/athn
ATH,Athene Holding Ltd.,54,$10.8B,2016,Finance,Life Insurance,http://www.nasdaq.com/symbol/ath
ATNX,"Athenex, Inc.",16.89,$963.8M,2017,Health Care,Major Pharmaceuticals,http://www.nasdaq.com/symbol/atnx
ATHX,"Athersys, Inc.",2.545,$289.9M,n/a,Health Care,Major Pharmaceuticals,http://www.nasdaq.com/symbol/athx
ATKR,Atkore International Group Inc.,18.56,$1.19B,2016,Miscellaneous,Industrial Machinery/Components,http://www.nasdaq.com/symbol/atkr
ATAC,Atlantic Acquisition Corp.,9.8,n/a,2017,Finance,Business Services,http://www.nasdaq.com/symbol/atac
ATACR,Atlantic Acquisition Corp.,0.445,n/a,2017,Finance,Business Services,http://www.nasdaq.com/symbol/atacr
ATACU,Atlantic Acquisition Corp.,10.2,n/a,2017,Finance,Business Services,http://www.nasdaq.com/symbol/atacu
AAPC,Atlantic Alliance Partnership Corp.,11.4999,$42.4M,2015,Consumer Services,Real Estate Investment Trusts,http://www.nasdaq.com/symbol/aapc
AAME,Atlantic American Corporation,3.3,$67.53M,n/a,Finance,Life Insurance,http://www.nasdaq.com/symbol/aame
ACBI,"Atlantic Capital Bancshares, Inc.",17.95,$460.63M,n/a,Finance,Major Banks,http://www.nasdaq.com/symbol/acbi
ACFC,Atlantic Coast Financial Corporation,8.779,$136.55M,n/a,Finance,Savings Institutions,http://www.nasdaq.com/symbol/acfc
AT,Atlantic Power Corporation,2.5,$288.2M,n/a,Energy,Electric Utilities: Central,http://www.nasdaq.com/symbol/at
ABY,Atlantica Yield plc,19.92,$2B,2014,Public Utilities,Electric Utilities: Central,http://www.nasdaq.com/symbol/aby
ATLC,Atlanticus Holdings Corporation,2.433,$37.57M,1995,Finance,Finance: Consumer Services,http://www.nasdaq.com/symbol/atlc
AAWW,Atlas Air Worldwide Holdings,67.6,$1.71B,n/a,Transportation,Transportation Services,http://www.nasdaq.com/symbol/aaww
AFH,"Atlas Financial Holdings, Inc.",18.3,$220.16M,2013,Finance,Property-Casualty Insurers,http://www.nasdaq.com/symbol/afh
AFHBL,"Atlas Financial Holdings, Inc.",26,n/a,n/a,Finance,Property-Casualty Insurers,http://www.nasdaq.com/symbol/afhbl
TEAM,Atlassian Corporation Plc,35.16,$8.03B,2015,Technology,Computer Software: Prepackaged Software,http://www.nasdaq.com/symbol/team
ATO,Atmos Energy Corporation,83.89,$8.9B,n/a,Public Utilities,Oil/Gas Transmission,http://www.nasdaq.com/symbol/ato
ATNI,"ATN International, Inc.",50.74,$822.26M,n/a,Public Utilities,Telecommunications Equipment,http://www.nasdaq.com/symbol/atni
ATOM,Atomera Incorporated,4.31,$52.41M,2016,Technology,Semiconductors,http://www.nasdaq.com/symbol/atom
ATOS,Atossa Genetics Inc.,0.4879,$5.71M,2012,Health Care,Major Pharmaceuticals,http://www.nasdaq.com/symbol/atos
ATRC,"AtriCure, Inc.",21.99,$755.01M,2005,Health Care,Medical/Dental Instruments,http://www.nasdaq.com/symbol/atrc
ATRI,Atrion Corporation,651.3,$1.21B,n/a,Health Care,Medical/Dental Instruments,http://www.nasdaq.com/symbol/atri
ATTU,Attunity Ltd.,6.68,$113.98M,n/a,Technology,Computer Software: Prepackaged Software,http://www.nasdaq.com/symbol/attu
ATW,"Atwood Oceanics, Inc.",8.11,$652.52M,n/a,Energy,Oil & Gas Production,http://www.nasdaq.com/symbol/atw
LIFE,"aTyr Pharma, Inc.",4.025,$119.59M,2015,Health Care,Biotechnology: Biological Products (No Diagnostic Substances),http://www.nasdaq.com/symbol/life
AUO,AU Optronics Corp,4.16,$4B,2002,Technology,Semiconductors,http://www.nasdaq.com/symbol/auo
AUBN,"Auburn National Bancorporation, Inc.",36.49,$132.96M,n/a,Finance,Major Banks,http://www.nasdaq.com/symbol/aubn
BOLD,"Audentes Therapeutics, Inc.",27.299,$758.48M,2016,Health Care,Biotechnology: Biological Products (No Diagnostic Substances),http://www.nasdaq.com/symbol/bold
AUDC,AudioCodes Ltd.,6.94,$224.93M,1999,Public Utilities,Telecommunications Equipment,http://www.nasdaq.com/symbol/audc
AUPH,Aurinia Pharmaceuticals Inc,6.2046,$518.3M,n/a,Health Care,Major Pharmaceuticals,http://www.nasdaq.com/symbol/auph
EARS,Auris Medical Holding AG,0.815,$36.13M,2014,Health Care,Major Pharmaceuticals,http://www.nasdaq.com/symbol/ears
AUG,Auryn Resources Inc.,2.42,$186.19M,n/a,Basic Industries,Precious Metals,http://www.nasdaq.com/symbol/aug
ABTL,Autobytel Inc.,7.73,$98.35M,1999,Technology,"Computer Software: Programming, Data Processing",http://www.nasdaq.com/symbol/abtl
ADSK,"Autodesk, Inc.",111.78,$24.5B,n/a,Technology,Computer Software: Prepackaged Software,http://www.nasdaq.com/symbol/adsk
ATHM,Autohome Inc.,64.17,$7.4B,2013,Technology,EDP Services,http://www.nasdaq.com/symbol/athm
ALV,"Autoliv, Inc.",125.21,$10.88B,n/a,Capital Goods,Auto Parts:O.E.M.,http://www.nasdaq.com/symbol/alv
ADP,"Automatic Data Processing, Inc.",108.14,$48.06B,n/a,Technology,EDP Services,http://www.nasdaq.com/symbol/adp
AN,"AutoNation, Inc.",47.36,$4.5B,n/a,Consumer Durables,Automotive Aftermarket,http://www.nasdaq.com/symbol/an
AZO,"AutoZone, Inc.",574.03,$15.98B,n/a,Consumer Services,Other Specialty Stores,http://www.nasdaq.com/symbol/azo
AVDL,Avadel Pharmaceuticals plc,9.61,$385.21M,n/a,Health Care,Major Pharmaceuticals,http://www.nasdaq.com/symbol/avdl
AWX,Avalon Holdings Corporation,1.8899,$7.19M,n/a,Public Utilities,Environmental Services,http://www.nasdaq.com/symbol/awx
AVB,"AvalonBay Communities, Inc.",178.52,$24.65B,n/a,Consumer Services,Real Estate Investment Trusts,http://www.nasdaq.com/symbol/avb
AGR,"Avangrid, Inc.",46.5,$14.37B,2015,Public Utilities,Electric Utilities: Central,http://www.nasdaq.com/symbol/agr
ACP,Avenue Income Credit Strategies Fund,14.6,$190.88M,2011,n/a,n/a,http://www.nasdaq.com/symbol/acp
ATXI,"Avenue Therapeutics, Inc.",5.53,$55.53M,2017,Health Care,Major Pharmaceuticals,http://www.nasdaq.com/symbol/atxi
AVEO,"AVEO Pharmaceuticals, Inc.",3.59,$424.73M,2010,Health Care,Major Pharmaceuticals,http://www.nasdaq.com/symbol/aveo
AVY,Avery Dennison Corporation,98.76,$8.73B,n/a,Consumer Durables,Containers/Packaging,http://www.nasdaq.com/symbol/avy
AVXS,"AveXis, Inc.",92.11,$2.94B,2016,Health Care,Biotechnology: Biological Products (No Diagnostic Substances),http://www.nasdaq.com/symbol/avxs
AVH,Avianca Holdings S.A.,7.88,$982.03M,2013,Transportation,Air Freight/Delivery Services,http://www.nasdaq.com/symbol/avh
AVNW,"Aviat Networks, Inc.",16.64,$88.49M,n/a,Technology,Radio And Television Broadcasting And Communications Equipment,http://www.nasdaq.com/symbol/avnw
AVID,"Avid Technology, Inc.",4.48,$184.26M,1993,Technology,Computer Software: Prepackaged Software,http://www.nasdaq.com/symbol/avid
AVGR,"Avinger, Inc.",0.23,$5.5M,2015,Health Care,Medical/Dental Instruments,http://www.nasdaq.com/symbol/avgr
ASM,Avino Silver,1.61,$84.45M,n/a,Basic Industries,Precious Metals,http://www.nasdaq.com/symbol/asm
AVIR,"Aviragen Therapeutics, Inc.",0.62,$23.96M,n/a,Health Care,Biotechnology: Biological Products (No Diagnostic Substances),http://www.nasdaq.com/symbol/avir
CAR,"Avis Budget Group, Inc.",38.43,$3.18B,n/a,Consumer Services,Rental/Leasing Companies,http://www.nasdaq.com/symbol/car
AVA,Avista Corporation,51.4,$3.31B,n/a,Public Utilities,Power Generation,http://www.nasdaq.com/symbol/ava
AHPA,Avista Healthcare Public Acquisition Corp.,10,$387.5M,2016,Finance,Business Services,http://www.nasdaq.com/symbol/ahpa
AHPAU,Avista Healthcare Public Acquisition Corp.,10.32,n/a,2016,Finance,Business Services,http://www.nasdaq.com/symbol/ahpau
AHPAW,Avista Healthcare Public Acquisition Corp.,0.33,n/a,2016,Finance,Business Services,http://www.nasdaq.com/symbol/ahpaw
AVT,"Avnet, Inc.",38.87,$4.78B,n/a,Consumer Non-Durables,Electronic Components,http://www.nasdaq.com/symbol/avt
AVP,"Avon Products, Inc.",2.45,$1.08B,n/a,Consumer Non-Durables,Package Goods/Cosmetics,http://www.nasdaq.com/symbol/avp
AVX,AVX Corporation,17.61,$2.96B,n/a,Capital Goods,Electrical Products,http://www.nasdaq.com/symbol/avx
AWRE,"Aware, Inc.",4.7,$102.13M,1996,Technology,Computer Software: Prepackaged Software,http://www.nasdaq.com/symbol/awre
AXTA,Axalta Coating Systems Ltd.,29.03,$7.06B,2014,Basic Industries,Paints/Coatings,http://www.nasdaq.com/symbol/axta
AXAR,Axar Acquisition Corp.,10.1127,$86.02M,2014,Finance,Business Services,http://www.nasdaq.com/symbol/axar
AXARU,Axar Acquisition Corp.,9.99,n/a,2014,Finance,Business Services,http://www.nasdaq.com/symbol/axaru
AXARW,Axar Acquisition Corp.,0.0235,n/a,2014,Finance,Business Services,http://www.nasdaq.com/symbol/axarw
ACLS,"Axcelis Technologies, Inc.",24.95,$779.03M,2000,Technology,Industrial Machinery/Components,http://www.nasdaq.com/symbol/acls
AXS,Axis Capital Holdings Limited,56.92,$4.73B,2003,Finance,Property-Casualty Insurers,http://www.nasdaq.com/symbol/axs
AXS^D,Axis Capital Holdings Limited,25.26,n/a,n/a,n/a,n/a,http://www.nasdaq.com/symbol/axs^d
AXS^E,Axis Capital Holdings Limited,25.55,n/a,n/a,n/a,n/a,http://www.nasdaq.com/symbol/axs^e
AXGN,"AxoGen, Inc.",18.6,$618.27M,n/a,Health Care,Biotechnology: Electromedical & Electrotherapeutic Apparatus,http://www.nasdaq.com/symbol/axgn
AAXN,"Axon Enterprise, Inc.",22.645,$1.2B,n/a,Capital Goods,Ordnance And Accessories,http://www.nasdaq.com/symbol/aaxn
AXON          ,Axovant Sciences Ltd.,25,$2.69B,n/a,Health Care,Major Pharmaceuticals,http://www.nasdaq.com/symbol/axon
AXSM,"Axsome Therapeutics, Inc.",5.55,$131.04M,2015,Health Care,Major Pharmaceuticals,http://www.nasdaq.com/symbol/axsm
AXTI,AXT Inc,8.625,$333.4M,1998,Technology,Semiconductors,http://www.nasdaq.com/symbol/axti
AZUL,Azul S.A.,28.26,$8.75B,2017,Transportation,Air Freight/Delivery Services,http://www.nasdaq.com/symbol/azul
AZRE,Azure Power Global Limited,16,$414.66M,2016,Public Utilities,Electric Utilities: Central,http://www.nasdaq.com/symbol/azre
AZRX,"AzurRx BioPharma, Inc.",4.53,$50.88M,2016,Health Care,Major Pharmaceuticals,http://www.nasdaq.com/symbol/azrx
AZZ,AZZ Inc.,50.95,$1.32B,n/a,Consumer Durables,Building Products,http://www.nasdaq.com/symbol/azz
